Workbook

Sheet רשימת מכשור 2015
A1: הרשימה הזו מייצגת את כל המכשור שהיה מותקן בפרוטליקס בשנת 2015 ושימשה כרשימת הציוד לצורך החלטה על תוכנית רכישה של מלאי ח"ח מכשור. הרשימה אינה עדכנית ולא ניתן להסתמך עליה (עמית 04/02/21)
A2: תיאור הציוד | B2: יצרן | C2: דגם | D2: מערכת | E2: מס' Tag | F2: הערכת מחיר ב₪ | G2: הערה
A3: מד עכירות | B3: מודקון / לאמיקו | C3: OPTEK - CONVERTOR MODEL | D3: צנטרפוגה | E3: QIAH 02-9-042 | F3: 70000
A4: אנלייזר פחמן אורגני | B4: THORNTON | C4: 5000 | D4: PW פיילוט | E4: 1-TOC-1 | F4: 50000
A5: אנלייזר פחמן אורגני | B5: Mettler Toledo | C5: 5000TOC | D5: PW STORAGE 2500 | E5: 1-1-606-TOC-001 | F5: 50000
A6: אנלייזר פחמן אורגני | B6: METTLER TOLEDO | C6: 5000TOC | D6: WFI-PRODUCTION/STORAGE | E6: 1-1-25-TOC-1 | F6: 50000
A7: multi chanel | B7: Mettler Toledo | C7: 770MAX | D7: 5000 | E7: N/A | F7: 10000
A8: multi chanel | B8: Mettler Toledo | C8: 770MAX | D8: 2500 | E8: N/A | F8: 10000
A9: אנלייזר קשיות | B9: ABB ISRAEL | C9: AW101/.1.2.1.1 | D9: HSW | E9: 1-1-57-HIC-1 | F9: 18000
A10: מד זרימה | B10: Liquid Controls Sponsler | C10: SP3/4-CS-PHL-3/4G-6MCIX3A | D10: CDI | E10: 1-1-134-FIC-1 | F10: 14000
A11: מד זרימה | B11: Liquid Controls Sponsler | C11: SP3/4-CS-PHL-3/4G-6MCIX3A | D11: CDI | E11: 1-1-134-FIC-3 | F11: 14000
A12: משדר זרימה | B12: Liquid Controls Sponsler | C12: SP3/4-CS-PHL -3/4G-6MCIX3A | D12: PW PRODUCTION 2500 | E12: 1-1-604-FIT-001 | F12: 12000
A13: מד מפלס | B13: E+H | C13: MICROPILOT M FMR245-AETEJAA2AA | D13: NaOH | E13: 1-1-5-LC-1 | F13: 120000
A14: מד מפלס | B14: E+H | C14: MICROPILOT M FMR245-AETEJAA2AA | D14: ACID | E14: 1-1-141-LC-1 | F14: 120000
A15: מד מפלס | B15: E+H | C15: LEVELFLEX M FMP43-AS5TDJB21A2B | D15: WFI-PRODUCTION/STORAGE | E15: 25-LT-001 | F15: 12000
A16: מד מפלס | B16: E+H | C16: LEVELFLEX M FMP41C-AATDKB21A2A | D16: SW SYSTEM | E16: 1-1-132-LIC-1 | F16: 12000
A17: משדר לחץ | B17: LABOM | C17: LABOM - CV3110 | D17: צנטרפוגה | E17: PIAL 02-9-020 | F17: 10000
A18: משדר לחץ | B18: LABOM | C18: LABOM - CV3110 | D18: צנטרפוגה | E18: PIAL 02-9-534 | F18: 10000
A19: multi chanel | B19: THORNTON | C19: 770 max | D19: PW פיילוט | F19: 10000
A20: מד כלור | B20: E+H | C20: transmitter : liquisys m CCM253-EK8005 FLOWFIT-W CCA250 | D20: CLW | E20: 1-1-1-CLIC-1 | F20: 7000
A21: מד מפלס | B21: E+H | C21: LIQUICAP M FMI52-A1BTDJA2A1A | D21: CLW | E21: 1-1-1-LC-1 | F21: 10000
A22: מד מפלס | B22: E+H | C22: LIQUICAP M FMI52-A1BTDJA2A1A | D22: HSW | E22: 1-1-57-LC-1 | F22: 10000
A23: multi chanel | B23: torenton | C23: torenton | D23: WFI-PRODUCTION/STORAGE | E23: 25-CIT-1 | F23: 10000
A24: משדר לחץ | B24: LABOM | C24: LABOM - CV3110 | D24: צנטרפוגה | E24: PIC 02-9-047 | F24: 10000
A25: מד זרימה | B25: ABB ISRAEL | C25: ABB - FEH311 | D25: צנטרפוגה | E25: FIC 02-9-041 | F25: 9133
A26: משדר חמצן | B26: Drager | C26: polytron 7000 | D26: GAS phase cell bank | E26: 1-2-2010-OM-2 | F26: 7500
A27: מד כלור | B27: E+H | C27: Element : ccs140 transmitter : liquisys m cell : flowfit cca250 | D27: PRETREATMENT SYSTEM | E27: 1-1-131-CLIC-1 | F27: 7000 | G27: ניתן לישם פתרון ידני
A28: אלקטרודת מוליכות | B28: E+H | C28: Element : cls21-c1e4a Transmitter : liquisys m clm253-cd8005 | D28: PRETREATMENT SYSTEM | E28: 1-1-131-CIT 1 | F28: 7000 | G28: פוגע באיכות הסביבה ולכן סומן כמשבית
A29: אלקטרודת מוליכות | B29: Mettler Toledo | C29: Inpro 7108 1.5"TC 5200800 M400 | D29: MEDIA | E29: 1-1-56-CIC-1 | F29: 4000
A30: מד רדוקס | B30: EUTECH INSTRUMENT | C30: Sensor: Pt4805-DPA-SC-S8 Transmiter: ALPHA pH800 | D30: SW SYSTEM | E30: 1-1-132-ORP-1 | F30: 7000
A31: מד לחץ | B31: LABOM | C31: LABOM - BH4200 | D31: צנטרפוגה | E31: PI 02-9-019 | F31: 6708
A32: מד רעידות | B32: GEAיצור עצמי | C32: HW - sensor messtechnik pch | D32: צנטרפוגה | E32: NAH/HH01-9-018 | F32: 6615
A33: משדר לחץ | B33: E+H | C33: PMP46-RE13SBJPGD | D33: PW STORAGE 2500 | E33: 1-1-606-PIT-007 | F33: 6000
A34: משדר לחץ | B34: Carabar M | C34: D800AB0112A | D34: WFI-PRODUCTION/STORAGE | E34: 25-PIC-1 | F34: 6000
A35: משדר לחץ | B35: E+H | C35: CERABAR M PMC45 | D35: RO PRODUCTION | E35: 1-1-133-PIC-2 | F35: 6000
A36: משדר לחץ | B36: E+H | C36: CB012C01024 | D36: RO PRODUCTION | E36: 1-1-133-PIC-6 | F36: 6000
A37: מד ובקר לחץ | B37: E+H | C37: CB012C01024 | D37: RO PRODUCTION | E37: 1-1-133-PIC-1 | F37: 6000
A38: משדר לחץ | B38: E+H | C38: CERABAR M PMP46-RE17P1JPDGD | D38: MEDIA | E38: 1-1-56-PC-1 | F38: 6000
A39: משדר לחץ | B39: E+H | C39: CERABAR M PMP46-RE17P1JPDGD | D39: MEDIA | E39: 1-1-56-PC-2 | F39: 6000
A40: משדר לחץ | B40: E+H | C40: CERABAR M PMP46-RE13SVJPDGD | D40: CRUDE | E40: 1-1-28-PC-2 | F40: 6000
... A49: משדר לחץ | B49: Baumer | C49: PBMH 25B72RA14481202000 | D49: DISTILLERY | E49: 1-1-40-PT-03 | F49: 5000
A50: LOAD CELL | B50: TEDEA | C50: 3410 | D50: MEDIA | E50: 1-1-8-WC-1 | F50: 1500
A51: LOAD CELL | B51: REVERE | C51: RLC | D51: CRUDE | E51: 1-1-28-WC-1 | F51: 1500
A52: LOAD CELL | B52: TEDEA | C52: 3410 | D52: CRUDE | E52: 1-1-28-WC-2 | F52: 1500
A53: LOAD CELL | B53: REVERE | C53: RLC | D53: CRUDE | E53: 1-1-30-WC-1 | F53: 1500
A54: LOAD CELL | B54: REVERE | C54: RLC | D54: CRUDE | E54: 1-1-31-WC-2 | F54: 1500
A55: LOAD CELL | B55: REVERE | C55: RLC | D55: CRUDE | E55: 1-1-31-WC-1 | F55: 1500
A56: LOAD CELL | B56: TEDEA | C56: 3410 | D56: HARVEST | E56: 1-1-27-WC-1 | F56: 1500
A57: מד מהירות | B57: p+f | C57: KFD2-UFC-EX1.D | D57: HARVEST | E57: 1-1-27-SIC-1 | F57: 4500
A58: LOAD CELL | B58: TEDEA | C58: 3410 | D58: COLUMN 1 | E58: 1-1-144-TV-WT-01 | F58: 1500
A59: LOAD CELL | B59: TEDEA | C59: 3410 | D59: COLUMN 1 | E59: 1-1-144-TV-WC-06 | F59: 1500
A60: LOAD CELL | B60: TEDEA | C60: 3410 | D60: COLUMN 1 | E60: 1-1-144-TV-WT-02 | F60: 1500
A61: LOAD CELL | B61: TEDEA | C61: 3410 | D61: COLUMN 1 | E61: 1-1-144-TV-WT-03 | F61: 1500
A62: LOAD CELL | B62: TEDEA | C62: 3410 | D62: COLUMN 1 | E62: 1-1-144-TV-WT-05 | F62: 1500
A63: LOAD CELL | B63: TEDEA | C63: 3410 | D63: COLUMN 1 | E63: 1-1-144-TV-WT-04 | F63: 1500
A64: LOAD CELL | B64: TEDEA | C64: RLC | D64: COLUMN 2/3 | E64: 1-1-3-WC-1 | F64: 1500
A65: LOAD CELL | B65: TEDEA | C65: RLC | D65: COLUMN 2/3 | E65: 1-1-3-WC-2 | F65: 1500
A66: LOAD CELL | B66: TEDEA | C66: 3510 | D66: COLUMN 4/5 | E66: 1-1-4-WC-1 | F66: 1500
A67: LOAD CELL | B67: ZEMIC | C67: BM11-C3-50KG-3B-SC | D67: COLUMN 4/5 | E67: 1-1-4-WC-2 | F67: 1500
A68: מפסק גובה | B68: E+H ISRAEL | C68: E+H - FTL50H | D68: צנטרפוגה | E68: LSH 01-9-016 | F68: 4226
A69: אלקטרודת מוליכות | B69: Mettler Toledo | C69: Inpro 7108 1.5"TC 5200800 M400 | D69: CRUDE | E69: 1-1-28-CIC-2 | F69: 4000
A70: משדר מוליכות | B70: Mettler Toledo | C70: M400 | D70: NaOH | E70: 1-1-5-CIC-1 | F70: 4000
A71: משדר מוליכות | B71: METTLER TOLEDO | C71: M400 | D71: ACID | E71: 1-1-141-CIC-1 | F71: 4000
A72: משדר PH | B72: Mettler Toledo | C72: PH-2100e | D72: MEDIA PILOT | E72: 1-2-2-PHI-1 | F72: 4000
A73: LOAD CELL | B73: REVERE | C73: RLC | D73: MEDIA | E73: 1-1-56-WC-1 | F73: 4000
A74: אלקטרודת מוליכות | B74: METTLER TOLEDO | C74: inpro 7100/12/425/4435 pn 52003793 | D74: NaOH | E74: 1-1-5-CIC-1 | F74: 3596.5 | G74: ציוד שחסר במלאי עקב החלפות (נשלחה דרישה)
A75: משדר PH | B75: Mettler Toledo | C75: M400 | D75: MEDIA | E75: 1-1-8-PH-1 | F75: 4000
A76: משדר מוליכות | B76: Mettler Toledo | C76: M400 | D76: MEDIA | E76: 1-1-8-CIC-1 | F76: 4000
A77: משדר מוליכות | B77: Mettler Toledo | C77: M400 | D77: CRUDE | E77: 1-1-28-CIC-2 | F77: 4000
A78: אלקטרודת מוליכות | B78: METTLER TOLEDO | C78: inpro 7100/12/425/4435 pn 52003793 | D78: ACID | E78: 1-1-141-CIC-1 | F78: 3596.5 | G78: ציוד שחסר במלאי עקב החלפות (נשלחה דרישה)
A79: משדר PH | B79: Mettler Toledo | C79: M400 | D79: CRUDE | E79: 1-1-28-PH-2 | F79: 4000
A80: משדר מוליכות | B80: Mettler Toledo | C80: M400 | D80: CRUDE | E80: 1-1-30-CIC-1 | F80: 4000
A81: משדר PH | B81: Mettler Toledo | C81: M400 | D81: CRUDE | E81: 1-1-30-CIC-1 | F81: 4000
A82: משדר PH | B82: Mettler Toledo | C82: M400 | D82: HARVEST | E82: 1-1-27-PH-1 | F82: 4000
A83: משדר מוליכות | B83: Mettler Toledo | C83: M400 | D83: HARVEST | E83: 1-1-27-CIC-1 | F83: 4000
A84: מפסק גובה | B84: E+H | C84: LIQUIPHANT M FL50 | D84: HARVEST | E84: 1-1-27-LSL-1 | F84: 4000
A85: משדר PH | B85: Mettler Toledo | C85: 2100 | D85: COLUMN 1 | E85: 1-1-144-TV-PHT/I-1 | F85: 4000
A86: משדר PH | B86: Mettler Toledo | C86: 2100 | D86: COLUMN 1 | E86: 1-1-144-TV-PHT/I-3 | F86: 4000
A87: משדר PH | B87: Mettler Toledo | C87: 2100 | D87: COLUMN 1 | E87: 1-1-144-TV-PHT/I-4 | F87: 4000
A88: משדר PH | B88: Mettler Toledo | C88: 2100 | D88: COLUMN 1 | E88: 1-1-144-TV-PHT/I-6 | F88: 4000
A89: משדר PH | B89: Mettler Toledo | C89: M400 | D89: COLUMN 2/3 | E89: 1-1-3-PH-1 | F89: 4000
A90: משדר מוליכות | B90: Mettler Toledo | C90: M400 | D90: COLUMN 2/3 | E90: 1-1-3-CIC-1 | F90: 4000
A91: משדר מוליכות | B91: Mettler Toledo | C91: M400 | D91: COLUMN 2/3 | E91: 1-1-3-CIC-2 | F91: 4000
A92: משדר מוליכות | B92: Mettler Toledo | C92: M400 | D92: COLUMN 4/5 | E92: 1-1-4-CIC-1 | F92: 4000
A93: משדר PH | B93: Mettler Toledo | C93: M400 | D93: COLUMN 4/5 | E93: 1-1-4-PH-1 | F93: 4000
A94: אלקטרודת מוליכות | B94: METTLER TOLEDO | C94: 233E223 Transmitter: 770 Max -775-LA2 | D94: PW PRODUCTION 2500 | E94: 1-1-604 -CIT/TIT-005 | F94: 3500
A95: אלקטרודת מוליכות | B95: METTLER TOLEDO | C95: SENSOR: 233E223 Transmitter: 770 Max -775-LA2 | D95: PW STORAGE 2500 | E95: 1-1-606- CIT/TIT-001 | F95: 3500
A96: אלקטרודת מוליכות | B96: Mettler Toledo | C96: SENSOR: 233E223 Transmitter: 770 Max | D96: RO PRODUCTION | E96: 1-1-133-CIC-1 | F96: 2500
A97: אלקטרודת מוליכות | B97: Mettler Toledo | C97: SENSOR: 233E223 Transmitter: 770 Max | D97: RO PRODUCTION | E97: 1-1-133-CIC-2 | F97: 2500
A98: מד מפלס | B98: milan | C98: מצוף | D98: צנטרפוגה | E98: 27-LIC-1 | F98: 3000
A99: מפסק גובה נמוך | B99: E+H ISRAEL | C99: E+H - FTL50H | D99: צנטרפוגה | E99: 27-LSL-1 | F99: 4226
A100: מפסק זרימה | B100: negele | C100: FKS-141 | D100: PW פיילוט | E100: 1-FS-1 | F100: 3000
... A137: מפסק גובה | B137: COR | C137: COR | D137: DISTILLERY | E137: 1-1-40-LS-09 | F137: 2000
A138: מד מפלס | B138: ELCON/BD sensors | C138: 18.605 | D138: PRETREATMENT SYSTEM | E138: 1-1-131-LIC-1 | F138: 2000
A139: מפסק טמפרטורה | B139: E+H | C139: Thrmophant T TTR35-A2A111DB1AAB | D139: RO PRODUCTION | E139: 1-1-133-TS-4 | F139: 2000
A140: מפסק טמפרטורה | B140: E+H | C140: Thrmophant T TTR35-A2A111DB1AAB | D140: RO PRODUCTION | E140: 1-1-133-TS-5 | F140: 2000
A141: מפסק זרימה | B141: New Flow | C141: MF200 0.75" | D141: CDI | E141: 1-1-134-FSL-1 | F141: 2000
A142: מפסק זרימה | B142: New Flow | C142: MF200 0.75" | D142: CDI | E142: 1-1-134-FSL-2 | F142: 2000
A143: משדר זרימה | B143: FLOW-X3 | C143: F3.00.H | D143: CHILLER | E143: 1-1-910-FT-1 | F143: 4000
A144: משדר זרימה | B144: FLOW-X3 | C144: F3.00.H | D144: CHILLER | E144: 1-1-910-FT-2 | F144: 4000
...

Sheet חח מכשור - מידע והחלטה 2015
A2: הרשימה הזו מייצגת את כל המכשור שהיה מותקן בפרוטליקס בשנת 2015 ושימשה כמערכת שיקולים להחלטה על תוכנית רכישה של מלאי ח"ח מכשור. הרשימה אינה עדכנית ולא ניתן להסתמך עליה (עמית 04/02/21)
A3: תיאור הציוד | B3: יצרן | C3: דגם | D3: מערכת | E3: מס' Tag | F3: מחיר ב₪ | G3: כמות נדרשת למלאי | H3: סה"כ | I3: קיים במלאי כן/לא | J3: סיכוי לכשל | K3: משבית/ לא משבית | L3: זמן הספקה [חודש] | M3: תוצאת חישוב | N3: עלות השבתה ליום | O3: האם יש הסכם שירות ? | P3: כמות מאותו דגם | Q3: הערה
A4: מד עכירות | B4: מודקון / לאמיקו | C4: OPTEK - CONVERTOR MODEL | D4: צנטרפוגה | E4: QIAH 02-9-042 | F4: 70000 | G4: 1 | H4: =G4*F4 -> 70000 | J4: 1 | K4: 0 | L4: 2 | M4: =IF(AND(K4*L4*30*N4>H4/J4,I4=""),"לרכוש","לא לרכוש") -> לא לרכוש | N4: 1000
A5: ='רשימת מכשור 2015'!A4 -> אנלייזר פחמן אורגני | B5: ='רשימת מכשור 2015'!B4 -> THORNTON | C5: ='רשימת מכשור 2015'!C4 -> 5000 | D5: ='רשימת מכשור 2015'!D4 -> PW פיילוט | E5: ='רשימת מכשור 2015'!E4 -> 1-TOC-1 | F5: ='רשימת מכשור 2015'!F4 -> 50000 | G5: 1 | H5: =G5*F5 -> 50000 | I5: √ | J5: 1 | K5: 1 | L5: 1.5 | M5: =IF(AND(K5*L5*30*N5>H5/J5,I5=""),"לרכוש","לא לרכוש") -> לא לרכוש | N5: 1000 | P5: 3
A6: ='רשימת מכשור 2015'!A5 -> אנלייזר פחמן אורגני | B6: ='רשימת מכשור 2015'!B5 -> Mettler Toledo | C6: ='רשימת מכשור 2015'!C5 -> 5000TOC | D6: ='רשימת מכשור 2015'!D5 -> PW STORAGE 2500 | E6: ='רשימת מכשור 2015'!E5 -> 1-1-606-TOC-001 | F6: ='רשימת מכשור 2015'!F5 -> 50000 | G6: 1 | H6: =G6*F6 -> 50000 | I6: √ | J6: 1 | K6: 1 | L6: 1.5 | M6: =IF(AND(K6*L6*30*N6>H6/J6,I6=""),"לרכוש","לא לרכוש") -> לא לרכוש | N6: 1000 | P6: 3
A7: ='רשימת מכשור 2015'!A6 -> אנלייזר פחמן אורגני | B7: ='רשימת מכשור 2015'!B6 -> METTLER TOLEDO | C7: ='רשימת מכשור 2015'!C6 -> 5000TOC | D7: ='רשימת מכשור 2015'!D6 -> WFI-PRODUCTION/STORAGE | E7: ='רשימת מכשור 2015'!E6 -> 1-1-25-TOC-1 | F7: ='רשימת מכשור 2015'!F6 -> 50000 | G7: 1 | H7: =G7*F7 -> 50000 | I7: √ | J7: 1 | K7: 1 | L7: 1.5 | M7: =IF(AND(K7*L7*30*N7>H7/J7,I7=""),"לרכוש","לא לרכוש") -> לא לרכוש | N7: 1000 | P7: 3
A8: ='רשימת מכשור 2015'!A7 -> multi chanel | B8: ='רשימת מכשור 2015'!B7 -> Mettler Toledo | C8: ='רשימת מכשור 2015'!C7 -> 770MAX | D8: ='רשימת מכשור 2015'!D7 -> 5000 | E8: ='רשימת מכשור 2015'!E7 -> N/A | F8: ='רשימת מכשור 2015'!F7 -> 10000 | G8: 1 | H8: 20000 | I8: √ | J8: 1 | K8: 1 | L8: 1.5 | M8: לא לרכוש | N8: 1000 | P8: 5
A9: ='רשימת מכשור 2015'!A8 -> multi chanel | B9: ='רשימת מכשור 2015'!B8 -> Mettler Toledo | C9: ='רשימת מכשור 2015'!C8 -> 770MAX | D9: ='רשימת מכשור 2015'!D8 -> 2500 | E9: ='רשימת מכשור 2015'!E8 -> N/A | F9: ='רשימת מכשור 2015'!F8 -> 10000 | G9: 1 | H9: =G9*F9 -> 10000 | I9: √ | J9: 1 | K9: 1 | L9: 1.5 | M9: =IF(AND(K9*L9*30*N9>H9/J9,I9=""),"לרכוש","לא לרכוש") -> לא לרכוש | N9: 1000 | P9: 5
A10: ='רשימת מכשור 2015'!A9 -> אנלייזר קשיות | B10: ='רשימת מכשור 2015'!B9 -> ABB ISRAEL | C10: ='רשימת מכשור 2015'!C9 -> AW101/.1.2.1.1 | D10: ='רשימת מכשור 2015'!D9 -> HSW | E10: ='רשימת מכשור 2015'!E9 -> 1-1-57-HIC-1 | F10: ='רשימת מכשור 2015'!F9 -> 18000 | G10: 1 | H10: 18000 | J10: 1 | K10: 1 | N10: 1000 | P10: 1
A11: ='רשימת מכשור 2015'!A10 -> מד זרימה | B11: ='רשימת מכשור 2015'!B10 -> Liquid Controls Sponsler | C11: ='רשימת מכשור 2015'!C10 -> SP3/4-CS-PHL-3/4G-6MCIX3A | D11: ='רשימת מכשור 2015'!D10 -> CDI | E11: ='רשימת מכשור 2015'!E10 -> 1-1-134-FIC-1 | F11: ='רשימת מכשור 2015'!F10 -> 14000 | G11: 1 | H11: =G11*F11 -> 14000 | I11: √ | J11: 1 | K11: 1 | L11: 1.5 | M11: =IF(AND(K11*L11*30*N11>H11/J11,I11=""),"לרכוש","לא לרכוש") -> לא לרכוש | N11: 1000 | P11: 3
A12: ='רשימת מכשור 2015'!A11 -> מד זרימה | B12: ='רשימת מכשור 2015'!B11 -> Liquid Controls Sponsler | C12: ='רשימת מכשור 2015'!C11 -> SP3/4-CS-PHL-3/4G-6MCIX3A | D12: ='רשימת מכשור 2015'!D11 -> CDI | E12: ='רשימת מכשור 2015'!E11 -> 1-1-134-FIC-3 | F12: ='רשימת מכשור 2015'!F11 -> 14000 | G12: 1 | H12: =G12*F12 -> 14000 | I12: √ | J12: 1 | K12: 1 | L12: 1.5 | M12: =IF(AND(K12*L12*30*N12>H12/J12,I12=""),"לרכוש","לא לרכוש") -> לא לרכוש | N12: 1000 | P12: 3
A13: ='רשימת מכשור 2015'!A12 -> משדר זרימה | B13: ='רשימת מכשור 2015'!B12 -> Liquid Controls Sponsler | C13: ='רשימת מכשור 2015'!C12 -> SP3/4-CS-PHL -3/4G-6MCIX3A | D13: ='רשימת מכשור 2015'!D12 -> PW PRODUCTION 2500 | E13: ='רשימת מכשור 2015'!E12 -> 1-1-604-FIT-001 | F13: ='רשימת מכשור 2015'!F12 -> 12000 | G13: 1 | H13: =G13*F13 -> 12000 | I13: √ | J13: 1 | K13: 0 | L13: 1.5 | M13: =IF(AND(K13*L13*30*N13>H13/J13,I13=""),"לרכוש","לא לרכוש") -> לא לרכוש | N13: 1000 | P13: 3
A14: ='רשימת מכשור 2015'!A13 -> מד מפלס | B14: ='רשימת מכשור 2015'!B13 -> E+H | C14: ='רשימת מכשור 2015'!C13 -> MICROPILOT M FMR245-AETEJAA2AA | D14: ='רשימת מכשור 2015'!D13 -> NaOH | E14: ='רשימת מכשור 2015'!E13 -> 1-1-5-LC-1 | F14: ='רשימת מכשור 2015'!F13 -> 120000 | G14: 1 | H14: 12000 | J14: 1 | K14: 1 | L14: 1.5 | M14: =IF(AND(K14*L14*30*N14>H14/J14,I14=""),"לרכוש","לא לרכוש") -> לרכוש | N14: 1000 | P14: 2
A15: ='רשימת מכשור 2015'!A14 -> מד מפלס | B15: ='רשימת מכשור 2015'!B14 -> E+H | C15: ='רשימת מכשור 2015'!C14 -> MICROPILOT M FMR245-AETEJAA2AA | D15: ='רשימת מכשור 2015'!D14 -> ACID | E15: ='רשימת מכשור 2015'!E14 -> 1-1-141-LC-1 | F15: ='רשימת מכשור 2015'!F14 -> 120000 | G15: 1 | H15: 12000 | J15: 1 | K15: 1 | L15: 1.5 | M15: =IF(AND(K15*L15*30*N15>H15/J15,I15=""),"לרכוש","לא לרכוש") -> לרכוש | N15: 1000 | P15: 2
A16: ='רשימת מכשור 2015'!A15 -> מד מפלס | B16: ='רשימת מכשור 2015'!B15 -> E+H | C16: ='רשימת מכשור 2015'!C15 -> LEVELFLEX M FMP43-AS5TDJB21A2B | D16: ='רשימת מכשור 2015'!D15 -> WFI-PRODUCTION/STORAGE | E16: ='רשימת מכשור 2015'!E15 -> 25-LT-001 | F16: ='רשימת מכשור 2015'!F15 -> 12000 | G16: 1 | H16: =G16*F16 -> 12000 | J16: 1 | K16: 1 | L16: 1.5 | M16: =IF(AND(K16*L16*30*N16>H16/J16,I16=""),"לרכוש","לא לרכוש") -> לרכוש | N16: 1000 | P16: 1
A17: ='רשימת מכשור 2015'!A16 -> מד מפלס | B17: ='רשימת מכשור 2015'!B16 -> E+H | C17: ='רשימת מכשור 2015'!C16 -> LEVELFLEX M FMP41C-AATDKB21A2A | D17: ='רשימת מכשור 2015'!D16 -> SW SYSTEM | E17: ='רשימת מכשור 2015'!E16 -> 1-1-132-LIC-1 | F17: ='רשימת מכשור 2015'!F16 -> 12000 | G17: 1 | H17: =G17*F17 -> 12000 | J17: 1 | K17: 1 | L17: 1.5 | M17: =IF(AND(K17*L17*30*N17>H17/J17,I17=""),"לרכוש","לא לרכוש") -> לרכוש | N17: 1000 | P17: 1
A18: ='רשימת מכשור 2015'!A17 -> משדר לחץ | B18: ='רשימת מכשור 2015'!B17 -> LABOM | C18: ='רשימת מכשור 2015'!C17 -> LABOM - CV3110 | D18: ='רשימת מכשור 2015'!D17 -> צנטרפוגה | E18: ='רשימת מכשור 2015'!E17 -> PIAL 02-9-020 | F18: ='רשימת מכשור 2015'!F17 -> 10000 | G18: 1 | H18: =G18*F18 -> 10000 | J18: 1 | K18: 1 | L18: 1.5 | M18: =IF(AND(K18*L18*30*N18>H18/J18,I18=""),"לרכוש","לא לרכוש") -> לרכוש | N18: 1000 | P18: 3
A19: ='רשימת מכשור 2015'!A18 -> משדר לחץ | B19: ='רשימת מכשור 2015'!B18 -> LABOM | C19: ='רשימת מכשור 2015'!C18 -> LABOM - CV3110 | D19: ='רשימת מכשור 2015'!D18 -> צנטרפוגה | E19: ='רשימת מכשור 2015'!E18 -> PIAL 02-9-534 | F19: ='רשימת מכשור 2015'!F18 -> 10000 | G19: 1 | H19: =G19*F19 -> 10000 | J19: 1 | K19: 1 | L19: 1.5 | M19: =IF(AND(K19*L19*30*N19>H19/J19,I19=""),"לרכוש","לא לרכוש") -> לרכוש | N19: 1000 | P19: 3
A20: ='רשימת מכשור 2015'!A19 -> multi chanel | B20: ='רשימת מכשור 2015'!B19 -> THORNTON | C20: ='רשימת מכשור 2015'!C19 -> 770 max | D20: ='רשימת מכשור 2015'!D19 -> PW פיילוט | E20: ='רשימת מכשור 2015'!E19 -> 0 | F20: ='רשימת מכשור 2015'!F19 -> 10000 | G20: 1 | H20: =G20*F20 -> 10000 | I20: √ | J20: 1 | K20: 1 | L20: 1 | M20: =IF(AND(K20*L20*30*N20>H20/J20,I20=""),"לרכוש","לא לרכוש") -> לא לרכוש | N20: 1000 | P20: 5
A21: ='רשימת מכשור 2015'!A20 -> מד כלור | B21: ='רשימת מכשור 2015'!B20 -> E+H | C21: ='רשימת מכשור 2015'!C20 -> transmitter : liquisys m CCM253-EK8005 FLOWFIT-W CCA250 | D21: ='רשימת מכשור 2015'!D20 -> CLW | E21: ='רשימת מכשור 2015'!E20 -> 1-1-1-CLIC-1 | F21: ='רשימת מכשור 2015'!F20 -> 7000 | G21: 1 | H21: =G21*F21 -> 7000 | J21: 1 | K21: 1 | L21: 1.5 | M21: =IF(AND(K21*L21*30*N21>H21/J21,I21=""),"לרכוש","לא לרכוש") -> לרכוש | N21: 1000 | P21: 1
A22: ='רשימת מכשור 2015'!A21 -> מד מפלס | B22: ='רשימת מכשור 2015'!B21 -> E+H | C22: ='רשימת מכשור 2015'!C21 -> LIQUICAP M FMI52-A1BTDJA2A1A | D22: ='רשימת מכשור 2015'!D21 -> CLW | E22: ='רשימת מכשור 2015'!E21 -> 1-1-1-LC-1 | F22: ='רשימת מכשור 2015'!F21 -> 10000 | G22: 1 | H22: =G22*F22 -> 10000 | J22: 1 | K22: 1 | L22: 1.5 | M22: =IF(AND(K22*L22*30*N22>H22/J22,I22=""),"לרכוש","לא לרכוש") -> לרכוש | N22: 1000 | P22: 1
A23: ='רשימת מכשור 2015'!A22 -> מד מפלס | B23: ='רשימת מכשור 2015'!B22 -> E+H | C23: ='רשימת מכשור 2015'!C22 -> LIQUICAP M FMI52-A1BTDJA2A1A | D23: ='רשימת מכשור 2015'!D22 -> HSW | E23: ='רשימת מכשור 2015'!E22 -> 1-1-57-LC-1 | F23: ='רשימת מכשור 2015'!F22 -> 10000 | G23: 1 | H23: 10000 | J23: 1 | K23: 1 | L23: 1.5 | M23: =IF(AND(K23*L23*30*N23>H23/J23,I23=""),"לרכוש","לא לרכוש") -> לרכוש | N23: 1000 | P23: 1
A24: ='רשימת מכשור 2015'!A23 -> multi chanel | B24: ='רשימת מכשור 2015'!B23 -> torenton | C24: ='רשימת מכשור 2015'!C23 -> torenton | D24: ='רשימת מכשור 2015'!D23 -> WFI-PRODUCTION/STORAGE | E24: ='רשימת מכשור 2015'!E23 -> 25-CIT-1 | F24: ='רשימת מכשור 2015'!F23 -> 10000 | G24: 1 | H24: =G24*F24 -> 10000 | I24: √ | J24: 1 | K24: 1 | L24: 1.2 | M24: =IF(AND(K24*L24*30*N24>H24/J24,I24=""),"לרכוש","לא לרכוש") -> לא לרכוש | N24: 1000 | P24: 5
A25: ='רשימת מכשור 2015'!A24 -> משדר לחץ | B25: ='רשימת מכשור 2015'!B24 -> LABOM | C25: ='רשימת מכשור 2015'!C24 -> LABOM - CV3110 | D25: ='רשימת מכשור 2015'!D24 -> צנטרפוגה | E25: ='רשימת מכשור 2015'!E24 -> PIC 02-9-047 | F25: ='רשימת מכשור 2015'!F24 -> 10000 | G25: 1 | H25: =G25*F25 -> 10000 | J25: 1 | K25: 1 | L25: 1.5 | M25: =IF(AND(K25*L25*30*N25>H25/J25,I25=""),"לרכוש","לא לרכוש") -> לרכוש | N25: 1000 | P25: 3
A26: ='רשימת מכשור 2015'!A25 -> מד זרימה | B26: ='רשימת מכשור 2015'!B25 -> ABB ISRAEL | C26: ='רשימת מכשור 2015'!C25 -> ABB - FEH311 | D26: ='רשימת מכשור 2015'!D25 -> צנטרפוגה | E26: ='רשימת מכשור 2015'!E25 -> FIC 02-9-041 | F26: ='רשימת מכשור 2015'!F25 -> 9133 | G26: 1 | H26: =G26*F26 -> 9133 | J26: 1 | K26: 1 | L26: 1.5 | M26: =IF(AND(K26*L26*30*N26>H26/J26,I26=""),"לרכוש","לא לרכוש") -> לרכוש | N26: 1000 | P26: 2
A27: ='רשימת מכשור 2015'!A26 -> משדר חמצן | B27: ='רשימת מכשור 2015'!B26 -> Drager | C27: ='רשימת מכשור 2015'!C26 -> polytron 7000 | D27: ='רשימת מכשור 2015'!D26 -> GAS phase cell bank | E27: ='רשימת מכשור 2015'!E26 -> 1-2-2010-OM-2 | F27: ='רשימת מכשור 2015'!F26 -> 7500 | G27: 1 | H27: =G27*F27 -> 7500 | J27: 1 | K27: 1 | L27: 1 | M27: =IF(AND(K27*L27*30*N27>H27/J27,I27=""),"לרכוש","לא לרכוש") -> לרכוש | N27: 1000 | P27: 1
A28: ='רשימת מכשור 2015'!A27 -> מד כלור | B28: ='רשימת מכשור 2015'!B27 -> E+H | C28: ='רשימת מכשור 2015'!C27 -> Element : ccs140 transmitter : liquisys m cell : flowfit cca250 | D28: ='רשימת מכשור 2015'!D27 -> PRETREATMENT SYSTEM | E28: ='רשימת מכשור 2015'!E27 -> 1-1-131-CLIC-1 | F28: ='רשימת מכשור 2015'!F27 -> 7000 | G28: 1 | H28: =G28*F28 -> 7000 | J28: 1 | K28: 1 | L28: 1.5 | M28: =IF(AND(K28*L28*30*N28>H28/J28,I28=""),"לרכוש","לא לרכוש") -> לרכוש | N28: 1000 | P28: 2
A29: ='רשימת מכשור 2015'!A28 -> אלקטרודת מוליכות | B29: ='רשימת מכשור 2015'!B28 -> E+H | C29: ='רשימת מכשור 2015'!C28 -> Element : cls21-c1e4a Transmitter : liquisys m clm253-cd8005 | D29: ='רשימת מכשור 2015'!D28 -> PRETREATMENT SYSTEM | E29: ='רשימת מכשור 2015'!E28 -> 1-1-131-CIT 1 | F29: ='רשימת מכשור 2015'!F28 -> 7000 | G29: 1 | H29: =G29*F29 -> 7000 | J29: 1 | K29: 1 | L29: 1.5 | M29: =IF(AND(K29*L29*30*N29>H29/J29,I29=""),"לרכוש","לא לרכוש") -> לרכוש | N29: 1000 | P29: 2 | Q29: ניתן לישם פתרון ידני
A30: ='רשימת מכשור 2015'!A29 -> אלקטרודת מוליכות | B30: ='רשימת מכשור 2015'!B29 -> Mettler Toledo | C30: ='רשימת מכשור 2015'!C29 -> Inpro 7108 1.5"TC 5200800 M400 | D30: ='רשימת מכשור 2015'!D29 -> MEDIA | E30: ='רשימת מכשור 2015'!E29 -> 1-1-56-CIC-1 | F30: ='רשימת מכשור 2015'!F29 -> 4000 | G30: 1 | H30: =G30*F30 -> 4000 | I30: √ | J30: 1 | K30: 1 | L30: 1.5 | M30: =IF(AND(K30*L30*30*N30>H30/J30,I30=""),"לרכוש","לא לרכוש") -> לא לרכוש | N30: 1000 | P30: 1 | Q30: פוגע באיכות הסביבה ולכן סומן כמשבית
A31: ='רשימת מכשור 2015'!A30 -> מד רדוקס | B31: ='רשימת מכשור 2015'!B30 -> EUTECH INSTRUMENT | C31: ='רשימת מכשור 2015'!C30 -> Sensor: Pt4805-DPA-SC-S8 Transmiter: ALPHA pH800 | D31: ='רשימת מכשור 2015'!D30 -> SW SYSTEM | E31: ='רשימת מכשור 2015'!E30 -> 1-1-132-ORP-1 | F31: ='רשימת מכשור 2015'!F30 -> 7000 | G31: 1 | H31: =G31*F31 -> 7000 | J31: 1 | K31: 1 | L31: 1.5 | M31: =IF(AND(K31*L31*30*N31>H31/J31,I31=""),"לרכוש","לא לרכוש") -> לרכוש | N31: 1000 | P31: 2
A32: ='רשימת מכשור 2015'!A31 -> מד לחץ | B32: ='רשימת מכשור 2015'!B31 -> LABOM | C32: ='רשימת מכשור 2015'!C31 -> LABOM - BH4200 | D32: ='רשימת מכשור 2015'!D31 -> צנטרפוגה | E32: ='רשימת מכשור 2015'!E31 -> PI 02-9-019 | F32: ='רשימת מכשור 2015'!F31 -> 6708 | G32: 1 | H32: =G32*F32 -> 6708 | J32: 1 | K32: 0 | L32: 1.5 | M32: =IF(AND(K32*L32*30*N32>H32/J32,I32=""),"לרכוש","לא לרכוש") -> לא לרכוש | N32: 1000 | P32: 1
A33: ='רשימת מכשור 2015'!A32 -> מד רעידות | B33: ='רשימת מכשור 2015'!B32 -> GEAיצור עצמי | C33: ='רשימת מכשור 2015'!C32 -> HW - sensor messtechnik pch | D33: ='רשימת מכשור 2015'!D32 -> צנטרפוגה | E33: ='רשימת מכשור 2015'!E32 -> NAH/HH01-9-018 | F33: ='רשימת מכשור 2015'!F32 -> 6615 | G33: 1 | H33: =G33*F33 -> 6615 | J33: 1 | K33: 1 | L33: 1.5 | M33: =IF(AND(K33*L33*30*N33>H33/J33,I33=""),"לרכוש","לא לרכוש") -> לרכוש | N33: 1000 | P33: 1
A34: ='רשימת מכשור 2015'!A33 -> משדר לחץ | B34: ='רשימת מכשור 2015'!B33 -> E+H | C34: ='רשימת מכשור 2015'!C33 -> PMP46-RE13SBJPGD | D34: ='רשימת מכשור 2015'!D33 -> PW STORAGE 2500 | E34: ='רשימת מכשור 2015'!E33 -> 1-1-606-PIT-007 | F34: ='רשימת מכשור 2015'!F33 -> 6000 | G34: 1 | H34: =G34*F34 -> 6000 | I34: √ | J34: 1 | K34: 1 | L34: 1 | M34: =IF(AND(K34*L34*30*N34>H34/J34,I34=""),"לרכוש","לא לרכוש") -> לא לרכוש | N34: 1000 | P34: 1
A35: ='רשימת מכשור 2015'!A34 -> משדר לחץ | B35: ='רשימת מכשור 2015'!B34 -> Carabar M | C35: ='רשימת מכשור 2015'!C34 -> D800AB0112A | D35: ='רשימת מכשור 2015'!D34 -> WFI-PRODUCTION/STORAGE | E35: ='רשימת מכשור 2015'!E34 -> 25-PIC-1 | F35: ='רשימת מכשור 2015'!F34 -> 6000 | G35: 1 | H35: =G35*F35 -> 6000 | I35: √ | J35: 1 | K35: 1 | L35: 1.2 | M35: =IF(AND(K35*L35*30*N35>H35/J35,I35=""),"לרכוש","לא לרכוש") -> לא לרכוש | N35: 1000 | P35: 1
A36: ='רשימת מכשור 2015'!A35 -> משדר לחץ | B36: ='רשימת מכשור 2015'!B35 -> E+H | C36: ='רשימת מכשור 2015'!C35 -> CERABAR M PMC45 | D36: ='רשימת מכשור 2015'!D35 -> RO PRODUCTION | E36: ='רשימת מכשור 2015'!E35 -> 1-1-133-PIC-2 | F36: ='רשימת מכשור 2015'!F35 -> 6000 | G36: 1 | H36: =G36*F36 -> 6000 | I36: √ | J36: 1 | K36: 1 | L36: 1.5 | M36: =IF(AND(K36*L36*30*N36>H36/J36,I36=""),"לרכוש","לא לרכוש") -> לא לרכוש | N36: 1000 | P36: 1
A37: ='רשימת מכשור 2015'!A36 -> משדר לחץ | B37: ='רשימת מכשור 2015'!B36 -> E+H | C37: ='רשימת מכשור 2015'!C36 -> CB012C01024 | D37: ='רשימת מכשור 2015'!D36 -> RO PRODUCTION | E37: ='רשימת מכשור 2015'!E36 -> 1-1-133-PIC-6 | F37: ='רשימת מכשור 2015'!F36 -> 6000 | G37: 1 | H37: =G37*F37 -> 6000 | J37: 1 | K37: 1 | L37: 1.5 | M37: =IF(AND(K37*L37*30*N37>H37/J37,I37=""),"לרכוש","לא לרכוש") -> לרכוש | N37: 1000 | P37: 2
A38: ='רשימת מכשור 2015'!A37 -> מד ובקר לחץ | B38: ='רשימת מכשור 2015'!B37 -> E+H | C38: ='רשימת מכשור 2015'!C37 -> CB012C01024 | D38: ='רשימת מכשור 2015'!D37 -> RO PRODUCTION | E38: ='רשימת מכשור 2015'!E37 -> 1-1-133-PIC-1 | F38: ='רשימת מכשור 2015'!F37 -> 6000 | G38: 1 | H38: =G38*F38 -> 6000 | J38: 1 | K38: 1 | L38: 1.5 | M38: =IF(AND(K38*L38*30*N38>H38/J38,I38=""),"לרכוש","לא לרכוש") -> לרכוש | N38: 1000 | P38: 2
A39: ='רשימת מכשור 2015'!A38 -> משדר לחץ | B39: ='רשימת מכשור 2015'!B38 -> E+H | C39: ='רשימת מכשור 2015'!C38 -> CERABAR M PMP46-RE17P1JPDGD | D39: ='רשימת מכשור 2015'!D38 -> MEDIA | E39: ='רשימת מכשור 2015'!E38 -> 1-1-56-PC-1 | F39: ='רשימת מכשור 2015'!F38 -> 6000 | G39: 1 | H39: =G39*F39 -> 6000 | I39: √ | J39: 1 | K39: 1 | L39: 1.5 | M39: =IF(AND(K39*L39*30*N39>H39/J39,I39=""),"לרכוש","לא לרכוש") -> לא לרכוש | N39: 1000 | P39: 2
A40: ='רשימת מכשור 2015'!A39 -> משדר לחץ | B40: ='רשימת מכשור 2015'!B39 -> E+H | C40: ='רשימת מכשור 2015'!C39 -> CERABAR M PMP46-RE17P1JPDGD | D40: ='רשימת מכשור 2015'!D39 -> MEDIA | E40: ='רשימת מכשור 2015'!E39 -> 1-1-56-PC-2 | F40: ='רשימת מכשור 2015'!F39 -> 6000 | G40: 1 | H40: =G40*F40 -> 6000 | I40: √ | J40: 1 | K40: 1 | L40: 1.5 | M40: =IF(AND(K40*L40*30*N40>H40/J40,I40=""),"לרכוש","לא לרכוש") -> לא לרכוש | N40: 1000 | P40: 2
A41: ='רשימת מכשור 2015'!A40 -> משדר לחץ | B41: ='רשימת מכשור 2015'!B40 -> E+H | C41: ='רשימת מכשור 2015'!C40 -> CERABAR M PMP46-RE13SVJPDGD | D41: ='רשימת מכשור 2015'!D40 -> CRUDE | E41: ='רשימת מכשור 2015'!E40 -> 1-1-28-PC-2 | F41: ='רשימת מכשור 2015'!F40 -> 6000 | G41: 1 | H41: =G41*F41 -> 6000 | I41: √ | J41: 1 | K41: 1 | L41: 1.5 | M41: =IF(AND(K41*L41*30*N41>H41/J41,I41=""),"לרכוש","לא לרכוש") -> לא לרכוש | N41: 1000 | P41: 5
A42: ='רשימת מכשור 2015'!A41 -> משדר לחץ | B42: ='רשימת מכשור 2015'!B41 -> E+H | C42: ='רשימת מכשור 2015'!C41 -> CERABAR M PMP46-RE13SVJPDGD | D42: ='רשימת מכשור 2015'!D41 -> CRUDE | E42: ='רשימת מכשור 2015'!E41 -> 1-1-28-PC-1 | F42: ='רשימת מכשור 2015'!F41 -> 6000 | G42: 1 | H42: =G42*F42 -> 6000 | I42: √ | J42: 1 | K42: 1 | L42: 1 | M42: =IF(AND(K42*L42*30*N42>H42/J42,I42=""),"לרכוש","לא לרכוש") -> לא לרכוש | N42: 1000 | P42: 5
A43: ='רשימת מכשור 2015'!A42 -> משדר לחץ | B43: ='רשימת מכשור 2015'!B42 -> E+H | C43: ='רשימת מכשור 2015'!C42 -> CERABAR M PMP46-RE13SVJPDGD | D43: ='רשימת מכשור 2015'!D42 -> HARVEST | E43: ='רשימת מכשור 2015'!E42 -> 1-1-27-PC-1 | F43: ='רשימת מכשור 2015'!F42 -> 6000 | G43: 1 | H43: =G43*F43 -> 6000 | I43: √ | J43: 1 | K43: 1 | L43: 1.5 | M43: =IF(AND(K43*L43*30*N43>H43/J43,I43=""),"לרכוש","לא לרכוש") -> לא לרכוש | N43: 1000 | P43: 5
A44: ='רשימת מכשור 2015'!A43 -> משדר לחץ | B44: ='רשימת מכשור 2015'!B43 -> E+H | C44: ='רשימת מכשור 2015'!C43 -> CERABAR M PMP46-RE13SVJPDGD | D44: ='רשימת מכשור 2015'!D43 -> COLUMN 2/3 | E44: ='רשימת מכשור 2015'!E43 -> 1-1-3-PC-1 | F44: ='רשימת מכשור 2015'!F43 -> 6000 | G44: 1 | H44: =G44*F44 -> 6000 | I44: √ | J44: 1 | K44: 1 | L44: 1.5 | M44: =IF(AND(K44*L44*30*N44>H44/J44,I44=""),"לרכוש","לא לרכוש") -> לא לרכוש | N44: 1000 | P44: 5
A45: ='רשימת מכשור 2015'!A44 -> משדר לחץ | B45: ='רשימת מכשור 2015'!B44 -> E+H | C45: ='רשימת מכשור 2015'!C44 -> CERABAR M PMP46-RE13SVJPDGD | D45: ='רשימת מכשור 2015'!D44 -> COLUMN 4/5 | E45: ='רשימת מכשור 2015'!E44 -> 1-1-4-PC-1 | F45: ='רשימת מכשור 2015'!F44 -> 6000 | G45: 1 | H45: =G45*F45 -> 6000 | I45: √ | J45: 1 | K45: 1 | L45: 1 | M45: =IF(AND(K45*L45*30*N45>H45/J45,I45=""),"לרכוש","לא לרכוש") -> לא לרכוש | N45: 1000 | P45: 5
A46: ='רשימת מכשור 2015'!A45 -> מד מפלס | B46: ='רשימת מכשור 2015'!B45 -> E+H | C46: ='רשימת מכשור 2015'!C45 -> LIQUCAP M FMI52-A1ATJJA1A1A | D46: ='רשימת מכשור 2015'!D45 -> PW STORAGE 2500 | E46: ='רשימת מכשור 2015'!E45 -> 1-1-606-LT-002 | F46: ='רשימת מכשור 2015'!F45 -> 5111 | G46: 1 | H46: =G46*F46 -> 5111 | J46: 1 | K46: 1 | L46: 1.5 | M46: =IF(AND(K46*L46*30*N46>H46/J46,I46=""),"לרכוש","לא לרכוש") -> לרכוש | N46: 1000 | P46: 1
A47: ='רשימת מכשור 2015'!A46 -> סעפת 20 ברז (מפעיל)ים | B47: ='רשימת מכשור 2015'!B46 -> FESTO ISRAEL | C47: ='רשימת מכשור 2015'!C46 -> FESTO | D47: ='רשימת מכשור 2015'!D46 -> צנטרפוגה | E47: ='רשימת מכשור 2015'!E46 -> N/A | F47: ='רשימת מכשור 2015'!F46 -> 5000 | G47: 1 | H47: =G47*F47 -> 5000 | J47: 1 | K47: 1 | L47: 0.5 | M47: =IF(AND(K47*L47*30*N47>H47/J47,I47=""),"לרכוש","לא לרכוש") -> לרכוש | N47: 1000 | P47: 1
A48: ='רשימת מכשור 2015'!A47 -> משדר לחץ | B48: ='רשימת מכשור 2015'!B47 -> Baumer | C48: ='רשימת מכשור 2015'!C47 -> PBMH 25B72RA14481202000 | D48: ='רשימת מכשור 2015'!D47 -> DISTILLERY | E48: ='רשימת מכשור 2015'!E47 -> 1-1-40-PT-01 | F48: ='רשימת מכשור 2015'!F47 -> 5000 | G48: 1 | H48: =G48*F48 -> 5000 | I48: √ | J48: 1 | K48: 1 | L48: 1.2 | M48: =IF(AND(K48*L48*30*N48>H48/J48,I48=""),"לרכוש","לא לרכוש") -> לא לרכוש | N48: 1000 | P48: 3
A49: ='רשימת מכשור 2015'!A48 -> משדר לחץ | B49: ='רשימת מכשור 2015'!B48 -> Baumer | C49: ='רשימת מכשור 2015'!C48 -> PBMH 25B72RA14481202000 | D49: ='רשימת מכשור 2015'!D48 -> DISTILLERY | E49: ='רשימת מכשור 2015'!E48 -> 1-1-40-PT-02 | F49: ='רשימת מכשור 2015'!F48 -> 5000 | G49: 1 | H49: =G49*F49 -> 5000 | I49: √ | J49: 1 | K49: 1 | L49: 1.2 | M49: =IF(AND(K49*L49*30*N49>H49/J49,I49=""),"לרכוש","לא לרכוש") -> לא לרכוש | N49: 1000 | P49: 3
A50: ='רשימת מכשור 2015'!A49 -> משדר לחץ | B50: ='רשימת מכשור 2015'!B49 -> Baumer | C50: ='רשימת מכשור 2015'!C49 -> PBMH 25B72RA14481202000 | D50: ='רשימת מכשור 2015'!D49 -> DISTILLERY | E50: ='רשימת מכשור 2015'!E49 -> 1-1-40-PT-03 | F50: ='רשימת מכשור 2015'!F49 -> 5000 | G50: 1 | H50: =G50*F50 -> 5000 | I50: √ | J50: 1 | K50: 1 | L50: 1.2 | M50: =IF(AND(K50*L50*30*N50>H50/J50,I50=""),"לרכוש","לא לרכוש") -> לא לרכוש | N50: 1000 | P50: 3
A51: ='רשימת מכשור 2015'!A50 -> LOAD CELL | B51: ='רשימת מכשור 2015'!B50 -> TEDEA | C51: ='רשימת מכשור 2015'!C50 -> 3410 | D51: ='רשימת מכשור 2015'!D50 -> MEDIA | E51: ='רשימת מכשור 2015'!E50 -> 1-1-8-WC-1 | F51: ='רשימת מכשור 2015'!F50 -> 1500 | G51: 1 | H51: =G51*F51 -> 1500 | I51: √ | J51: 1 | K51: 1 | L51: 0.5 | M51: =IF(AND(K51*L51*30*N51>H51/J51,I51=""),"לרכוש","לא לרכוש") -> לא לרכוש | N51: 1000 | P51: 27
A52: ='רשימת מכשור 2015'!A51 -> LOAD CELL | B52: ='רשימת מכשור 2015'!B51 -> REVERE | C52: ='רשימת מכשור 2015'!C51 -> RLC | D52: ='רשימת מכשור 2015'!D51 -> CRUDE | E52: ='רשימת מכשור 2015'!E51 -> 1-1-28-WC-1 | F52: ='רשימת מכשור 2015'!F51 -> 1500 | G52: 1 | H52: =G52*F52 -> 1500 | J52: 1 | K52: 1 | L52: 0.5 | M52: =IF(AND(K52*L52*30*N52>H52/J52,I52=""),"לרכוש","לא לרכוש") -> לרכוש | N52: 1000 | P52: 21
A53: ='רשימת מכשור 2015'!A52 -> LOAD CELL | B53: ='רשימת מכשור 2015'!B52 -> TEDEA | C53: ='רשימת מכשור 2015'!C52 -> 3410 | D53: ='רשימת מכשור 2015'!D52 -> CRUDE | E53: ='רשימת מכשור 2015'!E52 -> 1-1-28-WC-2 | F53: ='רשימת מכשור 2015'!F52 -> 1500 | G53: 1 | H53: =G53*F53 -> 1500 | I53: √ | J53: 1 | K53: 1 | L53: 0.5 | M53: =IF(AND(K53*L53*30*N53>H53/J53,I53=""),"לרכוש","לא לרכוש") -> לא לרכוש | N53: 1000 | P53: 27
A54: ='רשימת מכשור 2015'!A53 -> LOAD CELL | B54: ='רשימת מכשור 2015'!B53 -> REVERE | C54: ='רשימת מכשור 2015'!C53 -> RLC | D54: ='רשימת מכשור 2015'!D53 -> CRUDE | E54: ='רשימת מכשור 2015'!E53 -> 1-1-30-WC-1 | F54: ='רשימת מכשור 2015'!F53 -> 1500 | G54: 1 | H54: =G54*F54 -> 1500 | J54: 1 | K54: 1 | L54: 0.5 | M54: =IF(AND(K54*L54*30*N54>H54/J54,I54=""),"לרכוש","לא לרכוש") -> לרכוש | N54: 1000 | P54: 21
A55: ='רשימת מכשור 2015'!A54 -> LOAD CELL | B55: ='רשימת מכשור 2015'!B54 -> REVERE | C55: ='רשימת מכשור 2015'!C54 -> RLC | D55: ='רשימת מכשור 2015'!D54 -> CRUDE | E55: ='רשימת מכשור 2015'!E54 -> 1-1-31-WC-2 | F55: ='רשימת מכשור 2015'!F54 -> 1500 | G55: 1 | H55: =G55*F55 -> 1500 | J55: 1 | K55: 1 | L55: 0.5 | M55: =IF(AND(K55*L55*30*N55>H55/J55,I55=""),"לרכוש","לא לרכוש") -> לרכוש | N55: 1000 | P55: 21
A56: ='רשימת מכשור 2015'!A55 -> LOAD CELL | B56: ='רשימת מכשור 2015'!B55 -> REVERE | C56: ='רשימת מכשור 2015'!C55 -> RLC | D56: ='רשימת מכשור 2015'!D55 -> CRUDE | E56: ='רשימת מכשור 2015'!E55 -> 1-1-31-WC-1 | F56: ='רשימת מכשור 2015'!F55 -> 1500 | G56: 1 | H56: =G56*F56 -> 1500 | J56: 1 | K56: 1 | L56: 0.5 | M56: =IF(AND(K56*L56*30*N56>H56/J56,I56=""),"לרכוש","לא לרכוש") -> לרכוש | N56: 1000 | P56: 21
A57: ='רשימת מכשור 2015'!A56 -> LOAD CELL | B57: ='רשימת מכשור 2015'!B56 -> TEDEA | C57: ='רשימת מכשור 2015'!C56 -> 3410 | D57: ='רשימת מכשור 2015'!D56 -> HARVEST | E57: ='רשימת מכשור 2015'!E56 -> 1-1-27-WC-1 | F57: ='רשימת מכשור 2015'!F56 -> 1500 | G57: 1 | H57: =G57*F57 -> 1500 | I57: √ | J57: 1 | K57: 1 | L57: 0.5 | M57: =IF(AND(K57*L57*30*N57>H57/J57,I57=""),"לרכוש","לא לרכוש") -> לא לרכוש | N57: 1000 | P57: 27
A58: ='רשימת מכשור 2015'!A57 -> מד מהירות | B58: ='רשימת מכשור 2015'!B57 -> p+f | C58: ='רשימת מכשור 2015'!C57 -> KFD2-UFC-EX1.D | D58: ='רשימת מכשור 2015'!D57 -> HARVEST | E58: ='רשימת מכשור 2015'!E57 -> 1-1-27-SIC-1 | F58: ='רשימת מכשור 2015'!F57 -> 4500 | G58: 1 | H58: =G58*F58 -> 4500 | J58: 1 | K58: 1 | L58: 1.5 | M58: =IF(AND(K58*L58*30*N58>H58/J58,I58=""),"לרכוש","לא לרכוש") -> לרכוש | N58: 1000 | P58: 1
A59: ='רשימת מכשור 2015'!A58 -> LOAD CELL | B59: ='רשימת מכשור 2015'!B58 -> TEDEA | C59: ='רשימת מכשור 2015'!C58 -> 3410 | D59: ='רשימת מכשור 2015'!D58 -> COLUMN 1 | E59: ='רשימת מכשור 2015'!E58 -> 1-1-144-TV-WT-01 | F59: ='רשימת מכשור 2015'!F58 -> 1500 | G59: 1 | H59: =G59*F59 -> 1500 | I59: √ | J59: 1 | K59: 1 | L59: 0.5 | M59: =IF(AND(K59*L59*30*N59>H59/J59,I59=""),"לרכוש","לא לרכוש") -> לא לרכוש | N59: 1000 | P59: 27
A60: ='רשימת מכשור 2015'!A59 -> LOAD CELL | B60: ='רשימת מכשור 2015'!B59 -> TEDEA | C60: ='רשימת מכשור 2015'!C59 -> 3410 | D60: ='רשימת מכשור 2015'!D59 -> COLUMN 1 | E60: ='רשימת מכשור 2015'!E59 -> 1-1-144-TV-WC-06 | F60: ='רשימת מכשור 2015'!F59 -> 1500 | G60: 1 | H60: =G60*F60 -> 1500 | I60: √ | J60: 1 | K60: 1 | L60: 0.5 | M60: =IF(AND(K60*L60*30*N60>H60/J60,I60=""),"לרכוש","לא לרכוש") -> לא לרכוש | N60: 1000 | P60: 27
A61: ='רשימת מכשור 2015'!A60 -> LOAD CELL | B61: ='רשימת מכשור 2015'!B60 -> TEDEA | C61: ='רשימת מכשור 2015'!C60 -> 3410 | D61: ='רשימת מכשור 2015'!D60 -> COLUMN 1 | E61: ='רשימת מכשור 2015'!E60 -> 1-1-144-TV-WT-02 | F61: ='רשימת מכשור 2015'!F60 -> 1500 | G61: 1 | H61: =G61*F61 -> 1500 | I61: √ | J61: 1 | K61: 1 | L61: 0.5 | M61: =IF(AND(K61*L61*30*N61>H61/J61,I61=""),"לרכוש","לא לרכוש") -> לא לרכוש | N61: 1000 | P61: 27
A62: ='רשימת מכשור 2015'!A61 -> LOAD CELL | B62: ='רשימת מכשור 2015'!B61 -> TEDEA | C62: ='רשימת מכשור 2015'!C61 -> 3410 | D62: ='רשימת מכשור 2015'!D61 -> COLUMN 1 | E62: ='רשימת מכשור 2015'!E61 -> 1-1-144-TV-WT-03 | F62: ='רשימת מכשור 2015'!F61 -> 1500 | G62: 1 | H62: =G62*F62 -> 1500 | I62: √ | J62: 1 | K62: 1 | L62: 0.5 | M62: =IF(AND(K62*L62*30*N62>H62/J62,I62=""),"לרכוש","לא לרכוש") -> לא לרכוש | N62: 1000 | P62: 27
A63: ='רשימת מכשור 2015'!A62 -> LOAD CELL | B63: ='רשימת מכשור 2015'!B62 -> TEDEA | C63: ='רשימת מכשור 2015'!C62 -> 3410 | D63: ='רשימת מכשור 2015'!D62 -> COLUMN 1 | E63: ='רשימת מכשור 2015'!E62 -> 1-1-144-TV-WT-05 | F63: ='רשימת מכשור 2015'!F62 -> 1500 | G63: 1 | H63: =G63*F63 -> 1500 | I63: √ | J63: 1 | K63: 1 | L63: 0.5 | M63: =IF(AND(K63*L63*30*N63>H63/J63,I63=""),"לרכוש","לא לרכוש") -> לא לרכוש | N63: 1000 | P63: 27
A64: ='רשימת מכשור 2015'!A63 -> LOAD CELL | B64: ='רשימת מכשור 2015'!B63 -> TEDEA | C64: ='רשימת מכשור 2015'!C63 -> 3410 | D64: ='רשימת מכשור 2015'!D63 -> COLUMN 1 | E64: ='רשימת מכשור 2015'!E63 -> 1-1-144-TV-WT-04 | F64: ='רשימת מכשור 2015'!F63 -> 1500 | G64: 1 | H64: =G64*F64 -> 1500 | I64: √ | J64: 1 | K64: 1 | L64: 0.5 | M64: =IF(AND(K64*L64*30*N64>H64/J64,I64=""),"לרכוש","לא לרכוש") -> לא לרכוש | N64: 1000 | P64: 27
A65: ='רשימת מכשור 2015'!A64 -> LOAD CELL | B65: ='רשימת מכשור 2015'!B64 -> TEDEA | C65: ='רשימת מכשור 2015'!C64 -> RLC | D65: ='רשימת מכשור 2015'!D64 -> COLUMN 2/3 | E65: ='רשימת מכשור 2015'!E64 -> 1-1-3-WC-1 | F65: ='רשימת מכשור 2015'!F64 -> 1500 | G65: 1 | H65: =G65*F65 -> 1500 | J65: 1 | K65: 1 | L65: 0.5 | M65: =IF(AND(K65*L65*30*N65>H65/J65,I65=""),"לרכוש","לא לרכוש") -> לרכוש | N65: 1000 | P65: 21
A66: ='רשימת מכשור 2015'!A65 -> LOAD CELL | B66: ='רשימת מכשור 2015'!B65 -> TEDEA | C66: ='רשימת מכשור 2015'!C65 -> RLC | D66: ='רשימת מכשור 2015'!D65 -> COLUMN 2/3 | E66: ='רשימת מכשור 2015'!E65 -> 1-1-3-WC-2 | F66: ='רשימת מכשור 2015'!F65 -> 1500 | G66: 1 | H66: =G66*F66 -> 1500 | J66: 1 | K66: 1 | L66: 0.5 | M66: =IF(AND(K66*L66*30*N66>H66/J66,I66=""),"לרכוש","לא לרכוש") -> לרכוש | N66: 1000 | P66: 21
A67: ='רשימת מכשור 2015'!A66 -> LOAD CELL | B67: ='רשימת מכשור 2015'!B66 -> TEDEA | C67: ='רשימת מכשור 2015'!C66 -> 3510 | D67: ='רשימת מכשור 2015'!D66 -> COLUMN 4/5 | E67: ='רשימת מכשור 2015'!E66 -> 1-1-4-WC-1 | F67: ='רשימת מכשור 2015'!F66 -> 1500 | G67: 1 | H67: =G67*F67 -> 1500 | J67: 1 | K67: 1 | L67: 0.5 | M67: =IF(AND(K67*L67*30*N67>H67/J67,I67=""),"לרכוש","לא לרכוש") -> לרכוש | N67: 1000 | P67: 3
A68: ='רשימת מכשור 2015'!A67 -> LOAD CELL | B68: ='רשימת מכשור 2015'!B67 -> ZEMIC | C68: ='רשימת מכשור 2015'!C67 -> BM11-C3-50KG-3B-SC | D68: ='רשימת מכשור 2015'!D67 -> COLUMN 4/5 | E68: ='רשימת מכשור 2015'!E67 -> 1-1-4-WC-2 | F68: ='רשימת מכשור 2015'!F67 -> 1500 | G68: 1 | H68: =G68*F68 -> 1500 | J68: 1 | K68: 1 | L68: 0.5 | M68: =IF(AND(K68*L68*30*N68>H68/J68,I68=""),"לרכוש","לא לרכוש") -> לרכוש | N68: 1000 | P68: 3
A69: ='רשימת מכשור 2015'!A68 -> מפסק גובה | B69: ='רשימת מכשור 2015'!B68 -> E+H ISRAEL | C69: ='רשימת מכשור 2015'!C68 -> E+H - FTL50H | D69: ='רשימת מכשור 2015'!D68 -> צנטרפוגה | E69: ='רשימת מכשור 2015'!E68 -> LSH 01-9-016 | F69: ='רשימת מכשור 2015'!F68 -> 4226 | G69: 1 | H69: =G69*F69 -> 4226 | J69: 1 | K69: 1 | L69: 1.5 | M69: =IF(AND(K69*L69*30*N69>H69/J69,I69=""),"לרכוש","לא לרכוש") -> לרכוש | N69: 1000 | P69: 2
A70: ='רשימת מכשור 2015'!A69 -> אלקטרודת מוליכות | B70: ='רשימת מכשור 2015'!B69 -> Mettler Toledo | C70: ='רשימת מכשור 2015'!C69 -> Inpro 7108 1.5"TC 5200800 M400 | D70: ='רשימת מכשור 2015'!D69 -> CRUDE | E70: ='רשימת מכשור 2015'!E69 -> 1-1-28-CIC-2 | F70: ='רשימת מכשור 2015'!F69 -> 4000 | G70: 1 | H70: =G70*F70 -> 4000 | J70: 1 | K70: 1 | L70: 1 | M70: =IF(AND(K70*L70*30*N70>H70/J70,I70=""),"לרכוש","לא לרכוש") -> לרכוש | N70: 1000 | P70: 1
A71: ='רשימת מכשור 2015'!A70 -> משדר מוליכות | B71: ='רשימת מכשור 2015'!B70 -> Mettler Toledo | C71: ='רשימת מכשור 2015'!C70 -> M400 | D71: ='רשימת מכשור 2015'!D70 -> NaOH | E71: ='רשימת מכשור 2015'!E70 -> 1-1-5-CIC-1 | F71: ='רשימת מכשור 2015'!F70 -> 4000 | G71: 1 | H71: =G71*F71 -> 4000 | I71: √ | J71: 1 | K71: 1 | L71: 1 | M71: =IF(AND(K71*L71*30*N71>H71/J71,I71=""),"לרכוש","לא לרכוש") -> לא לרכוש | N71: 1000 | P71: 9
A72: ='רשימת מכשור 2015'!A71 -> משדר מוליכות | B72: ='רשימת מכשור 2015'!B71 -> METTLER TOLEDO | C72: ='רשימת מכשור 2015'!C71 -> M400 | D72: ='רשימת מכשור 2015'!D71 -> ACID | E72: ='רשימת מכשור 2015'!E71 -> 1-1-141-CIC-1 | F72: ='רשימת מכשור 2015'!F71 -> 4000 | G72: 1 | H72: =G72*F72 -> 4000 | I72: √ | J72: 1 | K72: 1 | L72: 1 | M72: =IF(AND(K72*L72*30*N72>H72/J72,I72=""),"לרכוש","לא לרכוש") -> לא לרכוש | N72: 1000 | P72: 9
A73: ='רשימת מכשור 2015'!A72 -> משדר PH | B73: ='רשימת מכשור 2015'!B72 -> Mettler Toledo | C73: ='רשימת מכשור 2015'!C72 -> PH-2100e | D73: ='רשימת מכשור 2015'!D72 -> MEDIA PILOT | E73: ='רשימת מכשור 2015'!E72 -> 1-2-2-PHI-1 | F73: ='רשימת מכשור 2015'!F72 -> 4000 | G73: 1 | H73: =G73*F73 -> 4000 | I73: √ | J73: 2 | K73: 1 | L73: 1 | M73: =IF(AND(K73*L73*30*N73>H73/J73,I73=""),"לרכוש","לא לרכוש") -> לא לרכוש | N73: 1000 | P73: 1
A74: ='רשימת מכשור 2015'!A73 -> LOAD CELL | B74: ='רשימת מכשור 2015'!B73 -> REVERE | C74: ='רשימת מכשור 2015'!C73 -> RLC | D74: ='רשימת מכשור 2015'!D73 -> MEDIA | E74: ='רשימת מכשור 2015'!E73 -> 1-1-56-WC-1 | F74: ='רשימת מכשור 2015'!F73 -> 4000 | G74: 1 | H74: =G74*F74 -> 4000 | J74: 1 | K74: 1 | L74: 0.5 | M74: =IF(AND(K74*L74*30*N74>H74/J74,I74=""),"לרכוש","לא לרכוש") -> לרכוש | N74: 1000 | P74: 21
A75: ='רשימת מכשור 2015'!A74 -> אלקטרודת מוליכות | B75: ='רשימת מכשור 2015'!B74 -> METTLER TOLEDO | C75: ='רשימת מכשור 2015'!C74 -> inpro 7100/12/425/4435 pn 52003793 | D75: ='רשימת מכשור 2015'!D74 -> NaOH | E75: ='רשימת מכשור 2015'!E74 -> 1-1-5-CIC-1 | F75: ='רשימת מכשור 2015'!F74 -> 3596.5 | G75: 1 | H75: =G75*F75 -> 3596.5 | I75: √ | J75: 1 | K75: 1 | L75: 1 | M75: =IF(AND(K75*L75*30*N75>H75/J75,I75=""),"לרכוש","לא לרכוש") -> לא לרכוש | N75: 1000 | P75: 11
A76: ='רשימת מכשור 2015'!A75 -> משדר PH | B76: ='רשימת מכשור 2015'!B75 -> Mettler Toledo | C76: ='רשימת מכשור 2015'!C75 -> M400 | D76: ='רשימת מכשור 2015'!D75 -> MEDIA | E76: ='רשימת מכשור 2015'!E75 -> 1-1-8-PH-1 | F76: ='רשימת מכשור 2015'!F75 -> 4000 | G76: 1 | H76: =G76*F76 -> 4000 | I76: √ | J76: 1 | K76: 1 | L76: 1 | M76: =IF(AND(K76*L76*30*N76>H76/J76,I76=""),"לרכוש","לא לרכוש") -> לא לרכוש | N76: 1000 | P76: 7
A77: ='רשימת מכשור 2015'!A76 -> משדר מוליכות | B77: ='רשימת מכשור 2015'!B76 -> Mettler Toledo | C77: ='רשימת מכשור 2015'!C76 -> M400 | D77: ='רשימת מכשור 2015'!D76 -> MEDIA | E77: ='רשימת מכשור 2015'!E76 -> 1-1-8-CIC-1 | F77: ='רשימת מכשור 2015'!F76 -> 4000 | G77: 1 | H77: =G77*F77 -> 4000 | I77: √ | J77: 1 | K77: 1 | L77: 1 | M77: =IF(AND(K77*L77*30*N77>H77/J77,I77=""),"לרכוש","לא לרכוש") -> לא לרכוש | N77: 1000 | P77: 9
A78: ='רשימת מכשור 2015'!A77 -> משדר מוליכות | B78: ='רשימת מכשור 2015'!B77 -> Mettler Toledo | C78: ='רשימת מכשור 2015'!C77 -> M400 | D78: ='רשימת מכשור 2015'!D77 -> CRUDE | E78: ='רשימת מכשור 2015'!E77 -> 1-1-28-CIC-2 | F78: ='רשימת מכשור 2015'!F77 -> 4000 | G78: 1 | H78: =G78*F78 -> 4000 | I78: √ | J78: 1 | K78: 1 | L78: 1 | M78: =IF(AND(K78*L78*30*N78>H78/J78,I78=""),"לרכוש","לא לרכוש") -> לא לרכוש | N78: 1000 | P78: 9
A79: ='רשימת מכשור 2015'!A78 -> אלקטרודת מוליכות | B79: ='רשימת מכשור 2015'!B78 -> METTLER TOLEDO | C79: ='רשימת מכשור 2015'!C78 -> inpro 7100/12/425/4435 pn 52003793 | D79: ='רשימת מכשור 2015'!D78 -> ACID | E79: ='רשימת מכשור 2015'!E78 -> 1-1-141-CIC-1 | F79: ='רשימת מכשור 2015'!F78 -> 3596.5 | G79: 1 | H79: =G79*F79 -> 3596.5 | I79: √ | J79: 1 | K79: 1 | L79: 1 | M79: =IF(AND(K79*L79*30*N79>H79/J79,I79=""),"לרכוש","לא לרכוש") -> לא לרכוש | N79: 1000 | P79: 11
A80: ='רשימת מכשור 2015'!A79 -> משדר PH | B80: ='רשימת מכשור 2015'!B79 -> Mettler Toledo | C80: ='רשימת מכשור 2015'!C79 -> M400 | D80: ='רשימת מכשור 2015'!D79 -> CRUDE | E80: ='רשימת מכשור 2015'!E79 -> 1-1-28-PH-2 | F80: ='רשימת מכשור 2015'!F79 -> 4000 | G80: 1 | H80: 4000 | I80: √ | J80: 1 | K80: 1 | L80: 1 | M80: =IF(AND(K80*L80*30*N80>H80/J80,I80=""),"לרכוש","לא לרכוש") -> לא לרכוש | N80: 1000 | P80: 7
A81: ='רשימת מכשור 2015'!A80 -> משדר מוליכות | B81: ='רשימת מכשור 2015'!B80 -> Mettler Toledo | C81: ='רשימת מכשור 2015'!C80 -> M400 | D81: ='רשימת מכשור 2015'!D80 -> CRUDE | E81: ='רשימת מכשור 2015'!E80 -> 1-1-30-CIC-1 | F81: ='רשימת מכשור 2015'!F80 -> 4000 | G81: 1 | H81: =G81*F81 -> 4000 | I81: √ | J81: 1 | K81: 1 | L81: 1 | M81: =IF(AND(K81*L81*30*N81>H81/J81,I81=""),"לרכוש","לא לרכוש") -> לא לרכוש | N81: 1000 | P81: 9
A82: ='רשימת מכשור 2015'!A81 -> משדר PH | B82: ='רשימת מכשור 2015'!B81 -> Mettler Toledo | C82: ='רשימת מכשור 2015'!C81 -> M400 | D82: ='רשימת מכשור 2015'!D81 -> CRUDE | E82: ='רשימת מכשור 2015'!E81 -> 1-1-30-CIC-1 | F82: ='רשימת מכשור 2015'!F81 -> 4000 | G82: 1 | H82: =G82*F82 -> 4000 | I82: √ | J82: 1 | K82: 1 | L82: 1 | M82: =IF(AND(K82*L82*30*N82>H82/J82,I82=""),"לרכוש","לא לרכוש") -> לא לרכוש | N82: 1000 | P82: 7
A83: ='רשימת מכשור 2015'!A82 -> משדר PH | B83: ='רשימת מכשור 2015'!B82 -> Mettler Toledo | C83: ='רשימת מכשור 2015'!C82 -> M400 | D83: ='רשימת מכשור 2015'!D82 -> HARVEST | E83: ='רשימת מכשור 2015'!E82 -> 1-1-27-PH-1 | F83: ='רשימת מכשור 2015'!F82 -> 4000 | G83: 1 | H83: =G83*F83 -> 4000 | I83: √ | J83: 1 | K83: 1 | L83: 1 | M83: =IF(AND(K83*L83*30*N83>H83/J83,I83=""),"לרכוש","לא לרכוש") -> לא לרכוש | N83: 1000 | P83: 7
A84: ='רשימת מכשור 2015'!A83 -> משדר מוליכות | B84: ='רשימת מכשור 2015'!B83 -> Mettler Toledo | C84: ='רשימת מכשור 2015'!C83 -> M400 | D84: ='רשימת מכשור 2015'!D83 -> HARVEST | E84: ='רשימת מכשור 2015'!E83 -> 1-1-27-CIC-1 | F84: ='רשימת מכשור 2015'!F83 -> 4000 | G84: 1 | H84: =G84*F84 -> 4000 | I84: √ | J84: 1 | K84: 1 | L84: 1 | M84: =IF(AND(K84*L84*30*N84>H84/J84,I84=""),"לרכוש","לא לרכוש") -> לא לרכוש | N84: 1000 | P84: 9
A85: ='רשימת מכשור 2015'!A84 -> מפסק גובה | B85: ='רשימת מכשור 2015'!B84 -> E+H | C85: ='רשימת מכשור 2015'!C84 -> LIQUIPHANT M FL50 | D85: ='רשימת מכשור 2015'!D84 -> HARVEST | E85: ='רשימת מכשור 2015'!E84 -> 1-1-27-LSL-1 | F85: ='רשימת מכשור 2015'!F84 -> 4000 | G85: 1 | H85: =G85*F85 -> 4000 | J85: 1 | K85: 1 | L85: 1.5 | M85: =IF(AND(K85*L85*30*N85>H85/J85,I85=""),"לרכוש","לא לרכוש") -> לרכוש | N85: 1000 | P85: 1
A86: ='רשימת מכשור 2015'!A85 -> משדר PH | B86: ='רשימת מכשור 2015'!B85 -> Mettler Toledo | C86: ='רשימת מכשור 2015'!C85 -> 2100 | D86: ='רשימת מכשור 2015'!D85 -> COLUMN 1 | E86: ='רשימת מכשור 2015'!E85 -> 1-1-144-TV-PHT/I-1 | F86: ='רשימת מכשור 2015'!F85 -> 4000 | G86: 1 | H86: =G86*F86 -> 4000 | I86: √ | J86: 1 | K86: 1 | L86: 1 | M86: =IF(AND(K86*L86*30*N86>H86/J86,I86=""),"לרכוש","לא לרכוש") -> לא לרכוש | N86: 1000 | P86: 4
A87: ='רשימת מכשור 2015'!A86 -> משדר PH | B87: ='רשימת מכשור 2015'!B86 -> Mettler Toledo | C87: ='רשימת מכשור 2015'!C86 -> 2100 | D87: ='רשימת מכשור 2015'!D86 -> COLUMN 1 | E87: ='רשימת מכשור 2015'!E86 -> 1-1-144-TV-PHT/I-3 | F87: ='רשימת מכשור 2015'!F86 -> 4000 | G87: 1 | H87: =G87*F87 -> 4000 | I87: √ | J87: 1 | K87: 1 | L87: 1 | M87: =IF(AND(K87*L87*30*N87>H87/J87,I87=""),"לרכוש","לא לרכוש") -> לא לרכוש | N87: 1000 | P87: 4
A88: ='רשימת מכשור 2015'!A87 -> משדר PH | B88: ='רשימת מכשור 2015'!B87 -> Mettler Toledo | C88: ='רשימת מכשור 2015'!C87 -> 2100 | D88: ='רשימת מכשור 2015'!D87 -> COLUMN 1 | E88: ='רשימת מכשור 2015'!E87 -> 1-1-144-TV-PHT/I-4 | F88: ='רשימת מכשור 2015'!F87 -> 4000 | G88: 1 | H88: =G88*F88 -> 4000 | I88: √ | J88: 1 | K88: 1 | L88: 1 | M88: =IF(AND(K88*L88*30*N88>H88/J88,I88=""),"לרכוש","לא לרכוש") -> לא לרכוש | N88: 1000 | P88: 4
A89: ='רשימת מכשור 2015'!A88 -> משדר PH | B89: ='רשימת מכשור 2015'!B88 -> Mettler Toledo | C89: ='רשימת מכשור 2015'!C88 -> 2100 | D89: ='רשימת מכשור 2015'!D88 -> COLUMN 1 | E89: ='רשימת מכשור 2015'!E88 -> 1-1-144-TV-PHT/I-6 | F89: ='רשימת מכשור 2015'!F88 -> 4000 | G89: 1 | H89: =G89*F89 -> 4000 | I89: √ | J89: 1 | K89: 1 | L89: 1 | M89: =IF(AND(K89*L89*30*N89>H89/J89,I89=""),"לרכוש","לא לרכוש") -> לא לרכוש | N89: 1000 | P89: 4
A90: ='רשימת מכשור 2015'!A89 -> משדר PH | B90: ='רשימת מכשור 2015'!B89 -> Mettler Toledo | C90: ='רשימת מכשור 2015'!C89 -> M400 | D90: ='רשימת מכשור 2015'!D89 -> COLUMN 2/3 | E90: ='רשימת מכשור 2015'!E89 -> 1-1-3-PH-1 | F90: ='רשימת מכשור 2015'!F89 -> 4000 | G90: 1 | H90: =G90*F90 -> 4000 | I90: √ | J90: 1 | K90: 1 | L90: 1 | M90: =IF(AND(K90*L90*30*N90>H90/J90,I90=""),"לרכוש","לא לרכוש") -> לא לרכוש | N90: 1000 | P90: 7
A91: ='רשימת מכשור 2015'!A90 -> משדר מוליכות | B91: ='רשימת מכשור 2015'!B90 -> Mettler Toledo | C91: ='רשימת מכשור 2015'!C90 -> M400 | D91: ='רשימת מכשור 2015'!D90 -> COLUMN 2/3 | E91: ='רשימת מכשור 2015'!E90 -> 1-1-3-CIC-1 | F91: ='רשימת מכשור 2015'!F90 -> 4000 | G91: 1 | H91: =G91*F91 -> 4000 | I91: √ | J91: 1 | K91: 1 | L91: 1 | M91: =IF(AND(K91*L91*30*N91>H91/J91,I91=""),"לרכוש","לא לרכוש") -> לא לרכוש | N91: 1000 | P91: 9
A92: ='רשימת מכשור 2015'!A91 -> משדר מוליכות | B92: ='רשימת מכשור 2015'!B91 -> Mettler Toledo | C92: ='רשימת מכשור 2015'!C91 -> M400 | D92: ='רשימת מכשור 2015'!D91 -> COLUMN 2/3 | E92: ='רשימת מכשור 2015'!E91 -> 1-1-3-CIC-2 | F92: ='רשימת מכשור 2015'!F91 -> 4000 | G92: 1 | H92: =G92*F92 -> 4000 | I92: √ | J92: 1 | K92: 1 | L92: 1 | M92: =IF(AND(K92*L92*30*N92>H92/J92,I92=""),"לרכוש","לא לרכוש") -> לא לרכוש | N92: 1000 | P92: 9
A93: ='רשימת מכשור 2015'!A92 -> משדר מוליכות | B93: ='רשימת מכשור 2015'!B92 -> Mettler Toledo | C93: ='רשימת מכשור 2015'!C92 -> M400 | D93: ='רשימת מכשור 2015'!D92 -> COLUMN 4/5 | E93: ='רשימת מכשור 2015'!E92 -> 1-1-4-CIC-1 | F93: ='רשימת מכשור 2015'!F92 -> 4000 | G93: 1 | H93: =G93*F93 -> 4000 | I93: √ | J93: 1 | K93: 1 | L93: 1 | M93: =IF(AND(K93*L93*30*N93>H93/J93,I93=""),"לרכוש","לא לרכוש") -> לא לרכוש | N93: 1000 | P93: 9
A94: ='רשימת מכשור 2015'!A93 -> משדר PH | B94: ='רשימת מכשור 2015'!B93 -> Mettler Toledo | C94: ='רשימת מכשור 2015'!C93 -> M400 | D94: ='רשימת מכשור 2015'!D93 -> COLUMN 4/5 | E94: ='רשימת מכשור 2015'!E93 -> 1-1-4-PH-1 | F94: ='רשימת מכשור 2015'!F93 -> 4000 | G94: 1 | H94: =G94*F94 -> 4000 | I94: √ | J94: 1 | K94: 1 | L94: 1 | M94: =IF(AND(K94*L94*30*N94>H94/J94,I94=""),"לרכוש","לא לרכוש") -> לא לרכוש | N94: 1000 | P94: 7
A95: ='רשימת מכשור 2015'!A94 -> אלקטרודת מוליכות | B95: ='רשימת מכשור 2015'!B94 -> METTLER TOLEDO | C95: ='רשימת מכשור 2015'!C94 -> 233E223 Transmitter: 770 Max -775-LA2 | D95: ='רשימת מכשור 2015'!D94 -> PW PRODUCTION 2500 | E95: ='רשימת מכשור 2015'!E94 -> 1-1-604 -CIT/TIT-005 | F95: ='רשימת מכשור 2015'!F94 -> 3500 | G95: 1 | H95: =G95*F95 -> 3500 | I95: √ | J95: 1 | K95: 1 | L95: 1 | M95: =IF(AND(K95*L95*30*N95>H95/J95,I95=""),"לרכוש","לא לרכוש") -> לא לרכוש | N95: 1000 | P95: 2 | Q95: ציוד שחסר במלאי עקב החלפות (נשלחה דרישה)
A96: ='רשימת מכשור 2015'!A95 -> אלקטרודת מוליכות | B96: ='רשימת מכשור 2015'!B95 -> METTLER TOLEDO | C96: ='רשימת מכשור 2015'!C95 -> SENSOR: 233E223 Transmitter: 770 Max -775-LA2 | D96: ='רשימת מכשור 2015'!D95 -> PW STORAGE 2500 | E96: ='רשימת מכשור 2015'!E95 -> 1-1-606- CIT/TIT-001 | F96: ='רשימת מכשור 2015'!F95 -> 3500 | G96: 1 | H96: =G96*F96 -> 3500 | I96: √ | J96: 1 | K96: 1 | L96: 1 | M96: =IF(AND(K96*L96*30*N96>H96/J96,I96=""),"לרכוש","לא לרכוש") -> לא לרכוש | N96: 1000 | P96: 2 | Q96: ציוד שחסר במלאי עקב החלפות (נשלחה דרישה)
A97: ='רשימת מכשור 2015'!A96 -> אלקטרודת מוליכות | B97: ='רשימת מכשור 2015'!B96 -> Mettler Toledo | C97: ='רשימת מכשור 2015'!C96 -> SENSOR: 233E223 Transmitter: 770 Max | D97: ='רשימת מכשור 2015'!D96 -> RO PRODUCTION | E97: ='רשימת מכשור 2015'!E96 -> 1-1-133-CIC-1 | F97: ='רשימת מכשור 2015'!F96 -> 2500 | G97: 1 | H97: =G97*F97 -> 2500 | I97: √ | J97: 1 | K97: 1 | L97: 1.2 | M97: =IF(AND(K97*L97*30*N97>H97/J97,I97=""),"לרכוש","לא לרכוש") -> לא לרכוש | N97: 1000 | P97: 7
A98: ='רשימת מכשור 2015'!A97 -> אלקטרודת מוליכות | B98: ='רשימת מכשור 2015'!B97 -> Mettler Toledo | C98: ='רשימת מכשור 2015'!C97 -> SENSOR: 233E223 Transmitter: 770 Max | D98: ='רשימת מכשור 2015'!D97 -> RO PRODUCTION | E98: ='רשימת מכשור 2015'!E97 -> 1-1-133-CIC-2 | F98: ='רשימת מכשור 2015'!F97 -> 2500 | G98: 1 | H98: =G98*F98 -> 2500 | I98: √ | J98: 1 | K98: 1 | L98: 1 | M98: =IF(AND(K98*L98*30*N98>H98/J98,I98=""),"לרכוש","לא לרכוש") -> לא לרכוש | N98: 1000 | P98: 6
A99: ='רשימת מכשור 2015'!A98 -> מד מפלס | B99: ='רשימת מכשור 2015'!B98 -> milan | C99: ='רשימת מכשור 2015'!C98 -> מצוף | D99: ='רשימת מכשור 2015'!D98 -> צנטרפוגה | E99: ='רשימת מכשור 2015'!E98 -> 27-LIC-1 | F99: ='רשימת מכשור 2015'!F98 -> 3000 | G99: 1 | H99: =G99*F99 -> 3000 | J99: 1 | K99: 1 | L99: 0.5 | M99: =IF(AND(K99*L99*30*N99>H99/J99,I99=""),"לרכוש","לא לרכוש") -> לרכוש | N99: 1000 | P99: 1
A100: ='רשימת מכשור 2015'!A99 -> מפסק גובה נמוך | B100: ='רשימת מכשור 2015'!B99 -> E+H ISRAEL | C100: ='רשימת מכשור 2015'!C99 -> E+H - FTL50H | D100: ='רשימת מכשור 2015'!D99 -> צנטרפוגה | E100: ='רשימת מכשור 2015'!E99 -> 27-LSL-1 | F100: ='רשימת מכשור 2015'!F99 -> 4226 | G100: 1 | H100: =G100*F100 -> 4226 | J100: 1 | K100: 1 | L100: 1.5 | M100: =IF(AND(K100*L100*30*N100>H100/J100,I100=""),"לרכוש","לא לרכוש") -> לרכוש | N100: 1000 | P100: 2
A101: ='רשימת מכשור 2015'!A100 -> מפסק זרימה | B101: ='רשימת מכשור 2015'!B100 -> negele | C101: ='רשימת מכשור 2015'!C100 -> FKS-141 | D101: ='רשימת מכשור 2015'!D100 -> PW פיילוט | E101: ='רשימת מכשור 2015'!E100 -> 1-FS-1 | F101: ='רשימת מכשור 2015'!F100 -> 3000 | G101: 1 | H101: =G101*F101 -> 3000 | J101: 1 | K101: 1 | L101: 1 | M101: =IF(AND(K101*L101*30*N101>H101/J101,I101=""),"לרכוש","לא לרכוש") -> לרכוש | N101: 1000 | P101: 2
...

Sheet חלקי חילוף מכשור 
D2: רשימת חלקי חילוף מכשור ובקרה
A3: תיאור הציוד | B3: מערכת | C3: מס' Tag | D3: יצרן | E3: דגם | F3: מחיר ב₪ | G3: כמות נדרשת למלאי | H3: סה"כ | I3: קיים במלאי כן/לא | J3: סיכוי לכשל | K3: משבית/ לא משבית | L3: זמן הספקה [חודש] | M3: תוצאת חישוב | N3: המלצה : לרכוש / לא לרכוש | O3: עלות השבתה ליום | P3: האם יש הסכם שירות ? | Q3: הערה
A4: מד עכירות | B4: צנטרפוגה | C4: QIAH 02-9-042 | D4: מודקון / לאמיקו | E4: OPTEK - CONVERTOR MODEL | F4: 70000 | G4: 1 | H4: =G4*F4 -> 70000 | J4: 1 | K4: 0 | L4: 2 | M4: =IF(AND(K4*L4*30*O4>H4/J4,I4=""),"לרכוש","לא לרכוש") -> לא לרכוש | O4: 1000
A5: אנלייזר פחמן אורגני | B5: PW פיילוט | C5: 1-TOC-1 | D5: THORNTON | E5: 5000 | F5: 50000 | G5: 1 | H5: =G5*F5 -> 50000 | I5: √ | J5: 1 | K5: 1 | L5: 1.5 | M5: =IF(AND(K5*L5*30*O5>H5/J5,I5=""),"לרכוש","לא לרכוש") -> לא לרכוש | O5: 1000
A6: אנלייזר פחמן אורגני | B6: PW STORAGE 2500 | C6: 1-1-606-TOC-001 | D6: Mettler Toledo | E6: 5000TOC | F6: 50000 | G6: 1 | H6: =G6*F6 -> 50000 | I6: √ | J6: 1 | K6: 1 | L6: 1.5 | M6: =IF(AND(K6*L6*30*O6>H6/J6,I6=""),"לרכוש","לא לרכוש") -> לא לרכוש | O6: 1000
A7: אנלייזר פחמן אורגני | B7: WFI-PRODUCTION/STORAGE | C7: 1-1-25-TOC-1 | D7: METTLER TOLEDO | E7: 5000TOC | F7: 50000 | G7: 1 | H7: =G7*F7 -> 50000 | I7: √ | J7: 1 | K7: 1 | L7: 1.5 | M7: =IF(AND(K7*L7*30*O7>H7/J7,I7=""),"לרכוש","לא לרכוש") -> לא לרכוש | O7: 1000
A8: multi chanel | B8: 5000 | C8: N/A | D8: Mettler Toledo | E8: 770MAX | F8: 10000 | G8: 1 | H8: 20000 | I8: √ | J8: 1 | K8: 1 | L8: 1.5 | M8: לא לרכוש | O8: 1000
A9: multi chanel | B9: 2500 | C9: N/A | D9: Mettler Toledo | E9: 770MAX | F9: 10000 | G9: 1 | H9: =G9*F9 -> 10000 | I9: √ | J9: 1 | K9: 1 | L9: 1.5 | M9: =IF(AND(K9*L9*30*O9>H9/J9,I9=""),"לרכוש","לא לרכוש") -> לא לרכוש | O9: 1000
A10: אנלייזר קשיות | B10: HSW | C10: 1-1-57-HIC-1 | D10: ABB ISRAEL | E10: AW101/.1.2.1.1 | F10: 18000 | G10: 1 | H10: 18000 | J10: 1 | K10: 1 | O10: 1000
A11: מד זרימה | B11: CDI | C11: 1-1-134-FIC-1 | D11: Liquid Controls Sponsler | E11: SP3/4-CS-PHL-3/4G-6MCIX3A | F11: 14000 | G11: 1 | H11: =G11*F11 -> 14000 | I11: √ | J11: 1 | K11: 1 | L11: 1.5 | M11: =IF(AND(K11*L11*30*O11>H11/J11,I11=""),"לרכוש","לא לרכוש") -> לא לרכוש | O11: 1000
A12: מד זרימה | B12: CDI | C12: 1-1-134-FIC-3 | D12: Liquid Controls Sponsler | E12: SP3/4-CS-PHL-3/4G-6MCIX3A | F12: 14000 | G12: 1 | H12: =G12*F12 -> 14000 | I12: √ | J12: 1 | K12: 1 | L12: 1.5 | M12: =IF(AND(K12*L12*30*O12>H12/J12,I12=""),"לרכוש","לא לרכוש") -> לא לרכוש | O12: 1000
A13: משדר זרימה | B13: PW PRODUCTION 2500 | C13: 1-1-604-FIT-001 | D13: Liquid Controls Sponsler | E13: SP3/4-CS-PHL -3/4G-6MCIX3A | F13: 12000 | G13: 1 | H13: =G13*F13 -> 12000 | I13: √ | J13: 1 | K13: 0 | L13: 1.5 | M13: =IF(AND(K13*L13*30*O13>H13/J13,I13=""),"לרכוש","לא לרכוש") -> לא לרכוש | O13: 1000
A14: מד מפלס | B14: NaOH | C14: 1-1-5-LC-1 | D14: E+H | E14: MICROPILOT M FMR245-AETEJAA2AA | F14: 120000 | G14: 1 | H14: 12000 | J14: 1 | K14: 1 | L14: 1.5 | M14: =IF(AND(K14*L14*30*O14>H14/J14,I14=""),"לרכוש","לא לרכוש") -> לרכוש | O14: 1000
A15: מד מפלס | B15: ACID | C15: 1-1-141-LC-1 | D15: E+H | E15: MICROPILOT M FMR245-AETEJAA2AA | F15: 120000 | G15: 1 | H15: 12000 | J15: 1 | K15: 1 | L15: 1.5 | M15: =IF(AND(K15*L15*30*O15>H15/J15,I15=""),"לרכוש","לא לרכוש") -> לרכוש | O15: 1000
A16: מד מפלס | B16: WFI-PRODUCTION/STORAGE | C16: 25-LT-001 | D16: E+H | E16: LEVELFLEX M FMP43-AS5TDJB21A2B | F16: 12000 | G16: 1 | H16: =G16*F16 -> 12000 | J16: 1 | K16: 1 | L16: 1.5 | M16: =IF(AND(K16*L16*30*O16>H16/J16,I16=""),"לרכוש","לא לרכוש") -> לרכוש | O16: 1000
A17: מד מפלס | B17: SW SYSTEM | C17: 1-1-132-LIC-1 | D17: E+H | E17: LEVELFLEX M FMP41C-AATDKB21A2A | F17: 12000 | G17: 1 | H17: =G17*F17 -> 12000 | J17: 1 | K17: 1 | L17: 1.5 | M17: =IF(AND(K17*L17*30*O17>H17/J17,I17=""),"לרכוש","לא לרכוש") -> לרכוש | O17: 1000
A18: משדר לחץ | B18: צנטרפוגה | C18: PIAL 02-9-020 | D18: LABOM | E18: LABOM - CV3110 | F18: 10000 | G18: 1 | H18: =G18*F18 -> 10000 | J18: 1 | K18: 1 | L18: 1.5 | M18: =IF(AND(K18*L18*30*O18>H18/J18,I18=""),"לרכוש","לא לרכוש") -> לרכוש | O18: 1000
A19: משדר לחץ | B19: צנטרפוגה | C19: PIAL 02-9-534 | D19: LABOM | E19: LABOM - CV3110 | F19: 10000 | G19: 1 | H19: =G19*F19 -> 10000 | I19: √ | J19: 1 | K19: 1 | L19: 1.5 | M19: =IF(AND(K19*L19*30*O19>H19/J19,I19=""),"לרכוש","לא לרכוש") -> לא לרכוש | O19: 1000
A20: multi chanel | B20: PW פיילוט | D20: THORNTON | E20: 770 max | F20: 10000 | G20: 1 | H20: =G20*F20 -> 10000 | I20: √ | J20: 1 | K20: 1 | L20: 1 | M20: =IF(AND(K20*L20*30*O20>H20/J20,I20=""),"לרכוש","לא לרכוש") -> לא לרכוש | O20: 1000
A21: מד כלור | B21: PW PRETREAMENT 2500 | C21: 1-1-605-CL-001 | D21: Prominent | E21: Sensor: CLE3-DMT-5ppm Transmitter: DMT AW 090C10E000 | F21: 10000 | G21: 1 | H21: =G21*F21 -> 10000 | J21: 1 | K21: 1 | L21: 1.5 | M21: =IF(AND(K21*L21*30*O21>H21/J21,I21=""),"לרכוש","לא לרכוש") -> לרכוש | O21: 1000
A22: מד מפלס | B22: CLW | C22: 1-1-1-LC-1 | D22: E+H | E22: LIQUICAP M FMI52-A1BTDJA2A1A | F22: 10000 | G22: 1 | H22: =G22*F22 -> 10000 | J22: 1 | K22: 1 | L22: 1.5 | M22: =IF(AND(K22*L22*30*O22>H22/J22,I22=""),"לרכוש","לא לרכוש") -> לרכוש | O22: 1000
A23: מד מפלס | B23: HSW | C23: 1-1-57-LC-1 | D23: E+H | E23: LIQUICAP M FMI52-A1BTDJA2A1A | F23: 10000 | G23: 1 | H23: 10000 | J23: 1 | K23: 1 | L23: 1.5 | M23: =IF(AND(K23*L23*30*O23>H23/J23,I23=""),"לרכוש","לא לרכוש") -> לרכוש | O23: 1000
A24: multi chanel | B24: WFI-PRODUCTION/STORAGE | C24: 25-CIT-1 | D24: torenton | E24: torenton | F24: 10000 | G24: 1 | H24: =G24*F24 -> 10000 | I24: √ | J24: 1 | K24: 1 | L24: 1.2 | M24: =IF(AND(K24*L24*30*O24>H24/J24,I24=""),"לרכוש","לא לרכוש") -> לא לרכוש | O24: 1000
A25: משדר לחץ | B25: צנטרפוגה | C25: PIC 02-9-047 | D25: LABOM | E25: LABOM - CV3110 | F25: 9300 | G25: 1 | H25: =G25*F25 -> 9300 | J25: 1 | K25: 1 | L25: 1.5 | M25: =IF(AND(K25*L25*30*O25>H25/J25,I25=""),"לרכוש","לא לרכוש") -> לרכוש | O25: 1000
A26: מד זרימה | B26: צנטרפוגה | C26: FIC 02-9-041 | D26: ABB ISRAEL | E26: ABB - FEH311 | F26: 9133 | G26: 1 | H26: =G26*F26 -> 9133 | J26: 1 | K26: 1 | L26: 1.5 | M26: =IF(AND(K26*L26*30*O26>H26/J26,I26=""),"לרכוש","לא לרכוש") -> לרכוש | O26: 1000
A27: משדר חמצן | B27: GAS phase cell bank | C27: 1-2-2010-OM-2 | D27: Drager | E27: polytron 7000 | F27: 7500 | G27: 1 | H27: =G27*F27 -> 7500 | J27: 1 | K27: 1 | L27: 1 | M27: =IF(AND(K27*L27*30*O27>H27/J27,I27=""),"לרכוש","לא לרכוש") -> לרכוש | O27: 1000
A28: מד כלור | B28: CLW | C28: 1-1-1-CLIC-1 | D28: E+H | E28: transmitter : liquisys m CCM253-EK8005 FLOWFIT-W CCA250 | F28: 7000 | G28: 1 | H28: =G28*F28 -> 7000 | J28: 1 | K28: 1 | L28: 1.5 | M28: =IF(AND(K28*L28*30*O28>H28/J28,I28=""),"לרכוש","לא לרכוש") -> לרכוש | O28: 1000
A29: מד כלור | B29: PRETREATMENT SYSTEM | C29: 1-1-131-CLIC-1 | D29: E+H | E29: Element : ccs140 transmitter : liquisys m cell : flowfit cca250 | F29: 7000 | G29: 1 | H29: =G29*F29 -> 7000 | J29: 1 | K29: 1 | L29: 1.5 | M29: =IF(AND(K29*L29*30*O29>H29/J29,I29=""),"לרכוש","לא לרכוש") -> לרכוש | O29: 1000 | Q29: ניתן לישם פתרון ידני
A30: אלקטרודת מוליכות | B30: PRETREATMENT SYSTEM | C30: 1-1-131-CIT 1 | D30: E+H | E30: Element : cls21-c1e4a Transmitter : liquisys m clm253-cd8005 | F30: 7000 | G30: 1 | H30: =G30*F30 -> 7000 | I30: √ | J30: 1 | K30: 1 | L30: 1.5 | M30: =IF(AND(K30*L30*30*O30>H30/J30,I30=""),"לרכוש","לא לרכוש") -> לא לרכוש | O30: 1000 | Q30: פוגע באיכות הסביבה ולכן סומן כמשבית
A31: מד רדוקס | B31: SW SYSTEM | C31: 1-1-132-ORP-1 | D31: EUTECH INSTRUMENT | E31: Sensor: Pt4805-DPA-SC-S8 Transmiter: ALPHA pH800 | F31: 7000 | G31: 1 | H31: =G31*F31 -> 7000 | J31: 1 | K31: 1 | L31: 1.5 | M31: =IF(AND(K31*L31*30*O31>H31/J31,I31=""),"לרכוש","לא לרכוש") -> לרכוש | O31: 1000
A32: מד לחץ | B32: צנטרפוגה | C32: PI 02-9-019 | D32: LABOM | E32: LABOM - BH4200 | F32: 6708 | G32: 1 | H32: =G32*F32 -> 6708 | J32: 1 | K32: 0 | L32: 1.5 | M32: =IF(AND(K32*L32*30*O32>H32/J32,I32=""),"לרכוש","לא לרכוש") -> לא לרכוש | O32: 1000
A33: מד רעידות | B33: צנטרפוגה | C33: NAH/HH01-9-018 | D33: GEAיצור עצמי | E33: HW - sensor messtechnik pch | F33: 6615 | G33: 1 | H33: =G33*F33 -> 6615 | J33: 1 | K33: 1 | L33: 1.5 | M33: =IF(AND(K33*L33*30*O33>H33/J33,I33=""),"לרכוש","לא לרכוש") -> לרכוש | O33: 1000
A34: משדר לחץ | B34: PW STORAGE 2500 | C34: 1-1-606-PIT-007 | D34: E+H | E34: PMP46-RE13SBJPGD | F34: 6000 | G34: 1 | H34: =G34*F34 -> 6000 | I34: √ | J34: 1 | K34: 1 | L34: 1 | M34: =IF(AND(K34*L34*30*O34>H34/J34,I34=""),"לרכוש","לא לרכוש") -> לא לרכוש | O34: 1000 | Q34: טעות, לתקן בהזדמנות
A35: משדר לחץ | B35: WFI-PRODUCTION/STORAGE | C35: 25-PIC-1 | D35: Carabar M | E35: D800AB0112A | F35: 6000 | G35: 1 | H35: =G35*F35 -> 6000 | I35: √ | J35: 1 | K35: 1 | L35: 1.2 | M35: =IF(AND(K35*L35*30*O35>H35/J35,I35=""),"לרכוש","לא לרכוש") -> לא לרכוש | O35: 1000
A36: משדר לחץ | B36: RO PRODUCTION | C36: 1-1-133-PIC-2 | D36: E+H | E36: CERABAR M PMC45 | F36: 6000 | G36: 1 | H36: =G36*F36 -> 6000 | I36: √ | J36: 1 | K36: 1 | L36: 1.5 | M36: =IF(AND(K36*L36*30*O36>H36/J36,I36=""),"לרכוש","לא לרכוש") -> לא לרכוש | O36: 1000
A37: משדר לחץ | B37: RO PRODUCTION | C37: 1-1-133-PIC-6 | D37: E+H | E37: CB012C01024 | F37: 6000 | G37: 1 | H37: =G37*F37 -> 6000 | J37: 1 | K37: 1 | L37: 1.5 | M37: =IF(AND(K37*L37*30*O37>H37/J37,I37=""),"לרכוש","לא לרכוש") -> לרכוש | O37: 1000
A38: מד ובקר לחץ | B38: RO PRODUCTION | C38: 1-1-133-PIC-1 | D38: E+H | E38: CB012C01024 | F38: 6000 | G38: 1 | H38: =G38*F38 -> 6000 | J38: 1 | K38: 1 | L38: 1.5 | M38: =IF(AND(K38*L38*30*O38>H38/J38,I38=""),"לרכוש","לא לרכוש") -> לרכוש | O38: 1000
A39: משדר לחץ | B39: MEDIA | C39: 1-1-56-PC-1 | D39: E+H | E39: CERABAR M PMP46-RE17P1JPDGD | F39: 6000 | G39: 1 | H39: =G39*F39 -> 6000 | I39: √ | J39: 1 | K39: 1 | L39: 1.5 | M39: =IF(AND(K39*L39*30*O39>H39/J39,I39=""),"לרכוש","לא לרכוש") -> לא לרכוש | O39: 1000
A40: משדר לחץ | B40: MEDIA | C40: 1-1-56-PC-2 | D40: E+H | E40: CERABAR M PMP46-RE17P1JPDGD | F40: 6000 | G40: 1 | H40: =G40*F40 -> 6000 | I40: √ | J40: 1 | K40: 1 | L40: 1.5 | M40: =IF(AND(K40*L40*30*O40>H40/J40,I40=""),"לרכוש","לא לרכוש") -> לא לרכוש | O40: 1000
A41: משדר לחץ | B41: CRUDE | C41: 1-1-28-PC-2 | D41: E+H | E41: CERABAR M PMP46-RE13SVJPDGD | F41: 6000 | G41: 1 | H41: =G41*F41 -> 6000 | I41: √ | J41: 1 | K41: 1 | L41: 1.5 | M41: =IF(AND(K41*L41*30*O41>H41/J41,I41=""),"לרכוש","לא לרכוש") -> לא לרכוש | O41: 1000
A42: משדר לחץ | B42: CRUDE | C42: 1-1-28-PC-1 | D42: E+H | E42: CERABAR M PMP46-RE13SVJPDGD | F42: 6000 | G42: 1 | H42: =G42*F42 -> 6000 | I42: √ | J42: 1 | K42: 1 | L42: 1 | M42: =IF(AND(K42*L42*30*O42>H42/J42,I42=""),"לרכוש","לא לרכוש") -> לא לרכוש | O42: 1000
A43: משדר לחץ | B43: HARVEST | C43: 1-1-27-PC-1 | D43: E+H | E43: CERABAR M PMP46-RE13SVJPDGD | F43: 6000 | G43: 1 | H43: =G43*F43 -> 6000 | I43: √ | J43: 1 | K43: 1 | L43: 1.5 | M43: =IF(AND(K43*L43*30*O43>H43/J43,I43=""),"לרכוש","לא לרכוש") -> לא לרכוש | O43: 1000
A44: משדר לחץ | B44: COLUMN 2/3 | C44: 1-1-3-PC-1 | D44: E+H | E44: CERABAR M PMP46-RE13SVJPDGD | F44: 6000 | G44: 1 | H44: =G44*F44 -> 6000 | I44: √ | J44: 1 | K44: 1 | L44: 1.5 | M44: =IF(AND(K44*L44*30*O44>H44/J44,I44=""),"לרכוש","לא לרכוש") -> לא לרכוש | O44: 1000
A45: משדר לחץ | B45: COLUMN 4/5 | C45: 1-1-4-PC-1 | D45: E+H | E45: CERABAR M PMP46-RE13SVJPDGD | F45: 6000 | G45: 1 | H45: =G45*F45 -> 6000 | I45: √ | J45: 1 | K45: 1 | L45: 1 | M45: =IF(AND(K45*L45*30*O45>H45/J45,I45=""),"לרכוש","לא לרכוש") -> לא לרכוש | O45: 1000
A46: מד מפלס | B46: PW STORAGE 2500 | C46: 1-1-606-LT-002 | D46: E+H | E46: LIQUCAP M FMI52-A1ATJJA1A1A | F46: 5111 | G46: 1 | H46: =G46*F46 -> 5111 | J46: 1 | K46: 1 | L46: 1.5 | M46: =IF(AND(K46*L46*30*O46>H46/J46,I46=""),"לרכוש","לא לרכוש") -> לרכוש | O46: 1000
A47: סעפת 20 ברז (מפעיל)ים | B47: צנטרפוגה | C47: N/A | D47: FESTO ISRAEL | E47: FESTO | F47: 5000 | G47: 1 | H47: =G47*F47 -> 5000 | J47: 1 | K47: 1 | L47: 0.5 | M47: =IF(AND(K47*L47*30*O47>H47/J47,I47=""),"לרכוש","לא לרכוש") -> לרכוש | O47: 1000
A48: משדר לחץ | B48: DISTILLERY | C48: 1-1-40-PT-01 | D48: Baumer | E48: PBMH 25B72RA14481202000 | F48: 5000 | G48: 1 | H48: =G48*F48 -> 5000 | I48: √ | J48: 1 | K48: 1 | L48: 1.2 | M48: =IF(AND(K48*L48*30*O48>H48/J48,I48=""),"לרכוש","לא לרכוש") -> לא לרכוש | O48: 1000
A49: משדר לחץ | B49: DISTILLERY | C49: 1-1-40-PT-02 | D49: Baumer | E49: PBMH 25B72RA14481202000 | F49: 5000 | G49: 1 | H49: =G49*F49 -> 5000 | I49: √ | J49: 1 | K49: 1 | L49: 1.2 | M49: =IF(AND(K49*L49*30*O49>H49/J49,I49=""),"לרכוש","לא לרכוש") -> לא לרכוש | O49: 1000
A50: משדר לחץ | B50: DISTILLERY | C50: 1-1-40-PT-03 | D50: Baumer | E50: PBMH 25B72RA14481202000 | F50: 5000 | G50: 1 | H50: =G50*F50 -> 5000 | I50: √ | J50: 1 | K50: 1 | L50: 1.2 | M50: =IF(AND(K50*L50*30*O50>H50/J50,I50=""),"לרכוש","לא לרכוש") -> לא לרכוש | O50: 1000
A51: LOAD CELL | B51: MEDIA | C51: 1-1-8-WC-1 | D51: TEDEA | E51: 3410 | F51: 1500 | G51: 1 | H51: =G51*F51 -> 1500 | I51: √ | J51: 1 | K51: 1 | L51: 0.5 | M51: =IF(AND(K51*L51*30*O51>H51/J51,I51=""),"לרכוש","לא לרכוש") -> לא לרכוש | O51: 1000
A52: LOAD CELL | B52: CRUDE | C52: 1-1-28-WC-1 | D52: REVERE | E52: RLC | F52: 1500 | G52: 1 | H52: =G52*F52 -> 1500 | J52: 1 | K52: 1 | L52: 0.5 | M52: =IF(AND(K52*L52*30*O52>H52/J52,I52=""),"לרכוש","לא לרכוש") -> לרכוש | O52: 1000
A53: LOAD CELL | B53: CRUDE | C53: 1-1-28-WC-2 | D53: TEDEA | E53: 3410 | F53: 1500 | G53: 1 | H53: =G53*F53 -> 1500 | I53: √ | J53: 1 | K53: 1 | L53: 0.5 | M53: =IF(AND(K53*L53*30*O53>H53/J53,I53=""),"לרכוש","לא לרכוש") -> לא לרכוש | O53: 1000
A54: LOAD CELL | B54: CRUDE | C54: 1-1-30-WC-1 | D54: REVERE | E54: RLC | F54: 1500 | G54: 1 | H54: =G54*F54 -> 1500 | J54: 1 | K54: 1 | L54: 0.5 | M54: =IF(AND(K54*L54*30*O54>H54/J54,I54=""),"לרכוש","לא לרכוש") -> לרכוש | O54: 1000
A55: LOAD CELL | B55: CRUDE | C55: 1-1-31-WC-2 | D55: REVERE | E55: RLC | F55: 1500 | G55: 1 | H55: =G55*F55 -> 1500 | J55: 1 | K55: 1 | L55: 0.5 | M55: =IF(AND(K55*L55*30*O55>H55/J55,I55=""),"לרכוש","לא לרכוש") -> לרכוש | O55: 1000
A56: LOAD CELL | B56: CRUDE | C56: 1-1-31-WC-1 | D56: REVERE | E56: RLC | F56: 1500 | G56: 1 | H56: =G56*F56 -> 1500 | J56: 1 | K56: 1 | L56: 0.5 | M56: =IF(AND(K56*L56*30*O56>H56/J56,I56=""),"לרכוש","לא לרכוש") -> לרכוש | O56: 1000
A57: LOAD CELL | B57: HARVEST | C57: 1-1-27-WC-1 | D57: TEDEA | E57: 3410 | F57: 1500 | G57: 1 | H57: =G57*F57 -> 1500 | I57: √ | J57: 1 | K57: 1 | L57: 0.5 | M57: =IF(AND(K57*L57*30*O57>H57/J57,I57=""),"לרכוש","לא לרכוש") -> לא לרכוש | O57: 1000
A58: מד מהירות | B58: HARVEST | C58: 1-1-27-SIC-1 | D58: p+f | E58: KFD2-UFC-EX1.D | F58: 4500 | G58: 1 | H58: =G58*F58 -> 4500 | J58: 1 | K58: 1 | L58: 1.5 | M58: =IF(AND(K58*L58*30*O58>H58/J58,I58=""),"לרכוש","לא לרכוש") -> לרכוש | O58: 1000
A59: LOAD CELL | B59: COLUMN 1 | C59: 1-1-144-TV-WT-01 | D59: TEDEA | E59: 3410 | F59: 1500 | G59: 1 | H59: =G59*F59 -> 1500 | I59: √ | J59: 1 | K59: 1 | L59: 0.5 | M59: =IF(AND(K59*L59*30*O59>H59/J59,I59=""),"לרכוש","לא לרכוש") -> לא לרכוש | O59: 1000
A60: LOAD CELL | B60: COLUMN 1 | C60: 1-1-144-TV-WC-06 | D60: TEDEA | E60: 3410 | F60: 1500 | G60: 1 | H60: =G60*F60 -> 1500 | I60: √ | J60: 1 | K60: 1 | L60: 0.5 | M60: =IF(AND(K60*L60*30*O60>H60/J60,I60=""),"לרכוש","לא לרכוש") -> לא לרכוש | O60: 1000
A61: LOAD CELL | B61: COLUMN 1 | C61: 1-1-144-TV-WT-02 | D61: TEDEA | E61: 3410 | F61: 1500 | G61: 1 | H61: =G61*F61 -> 1500 | I61: √ | J61: 1 | K61: 1 | L61: 0.5 | M61: =IF(AND(K61*L61*30*O61>H61/J61,I61=""),"לרכוש","לא לרכוש") -> לא לרכוש | O61: 1000
A62: LOAD CELL | B62: COLUMN 1 | C62: 1-1-144-TV-WT-03 | D62: TEDEA | E62: 3410 | F62: 1500 | G62: 1 | H62: =G62*F62 -> 1500 | I62: √ | J62: 1 | K62: 1 | L62: 0.5 | M62: =IF(AND(K62*L62*30*O62>H62/J62,I62=""),"לרכוש","לא לרכוש") -> לא לרכוש | O62: 1000
A63: LOAD CELL | B63: COLUMN 1 | C63: 1-1-144-TV-WT-05 | D63: TEDEA | E63: 3410 | F63: 1500 | G63: 1 | H63: =G63*F63 -> 1500 | I63: √ | J63: 1 | K63: 1 | L63: 0.5 | M63: =IF(AND(K63*L63*30*O63>H63/J63,I63=""),"לרכוש","לא לרכוש") -> לא לרכוש | O63: 1000
A64: LOAD CELL | B64: COLUMN 1 | C64: 1-1-144-TV-WT-04 | D64: TEDEA | E64: 3410 | F64: 1500 | G64: 1 | H64: =G64*F64 -> 1500 | I64: √ | J64: 1 | K64: 1 | L64: 0.5 | M64: =IF(AND(K64*L64*30*O64>H64/J64,I64=""),"לרכוש","לא לרכוש") -> לא לרכוש | O64: 1000
A65: LOAD CELL | B65: COLUMN 2/3 | C65: 1-1-3-WC-1 | D65: TEDEA | E65: RLC | F65: 1500 | G65: 1 | H65: =G65*F65 -> 1500 | J65: 1 | K65: 1 | L65: 0.5 | M65: =IF(AND(K65*L65*30*O65>H65/J65,I65=""),"לרכוש","לא לרכוש") -> לרכוש | O65: 1000
A66: LOAD CELL | B66: COLUMN 2/3 | C66: 1-1-3-WC-2 | D66: TEDEA | E66: RLC | F66: 1500 | G66: 1 | H66: =G66*F66 -> 1500 | J66: 1 | K66: 1 | L66: 0.5 | M66: =IF(AND(K66*L66*30*O66>H66/J66,I66=""),"לרכוש","לא לרכוש") -> לרכוש | O66: 1000
A67: LOAD CELL | B67: COLUMN 4/5 | C67: 1-1-4-WC-1 | D67: TEDEA | E67: 3510 | F67: 1500 | G67: 1 | H67: =G67*F67 -> 1500 | J67: 1 | K67: 1 | L67: 0.5 | M67: =IF(AND(K67*L67*30*O67>H67/J67,I67=""),"לרכוש","לא לרכוש") -> לרכוש | O67: 1000
A68: LOAD CELL | B68: COLUMN 4/5 | C68: 1-1-4-WC-2 | D68: ZEMIC | E68: BM11-C3-50KG-3B-SC | F68: 1500 | G68: 1 | H68: =G68*F68 -> 1500 | J68: 1 | K68: 1 | L68: 0.5 | M68: =IF(AND(K68*L68*30*O68>H68/J68,I68=""),"לרכוש","לא לרכוש") -> לרכוש | O68: 1000
A69: מפסק גובה | B69: צנטרפוגה | C69: LSH 01-9-016 | D69: E+H ISRAEL | E69: E+H - FTL50H | F69: 4226 | G69: 1 | H69: =G69*F69 -> 4226 | J69: 1 | K69: 1 | L69: 1.5 | M69: =IF(AND(K69*L69*30*O69>H69/J69,I69=""),"לרכוש","לא לרכוש") -> לרכוש | O69: 1000
A70: אלקטרודת מוליכות | B70: PW פיילוט | C70: 1-CIC-1&1-TIC-3 | D70: THORNTON | E70: 58 031 234 | F70: 4200 | G70: 1 | H70: =G70*F70 -> 4200 | J70: 1 | K70: 1 | L70: 1 | M70: =IF(AND(K70*L70*30*O70>H70/J70,I70=""),"לרכוש","לא לרכוש") -> לרכוש | O70: 1000
A71: ממיר פרוטוקולי תקשורת | B71: צנטרפוגה | C71: 1-1-76-PLC-46 | D71: RedLion | E71: Communication PLC | F71: 4000 | G71: 1 | H71: =G71*F71 -> 4000 | I71: √ | J71: 1 | K71: 1 | L71: 1 | M71: =IF(AND(K71*L71*30*O71>H71/J71,I71=""),"לרכוש","לא לרכוש") -> לא לרכוש | O71: 1000
A72: משדר מוליכות | B72: NaOH | C72: 1-1-5-CIC-1 | D72: Mettler Toledo | E72: M-400 | F72: 4000 | G72: 1 | H72: =G72*F72 -> 4000 | I72: √ | J72: 1 | K72: 1 | L72: 1 | M72: =IF(AND(K72*L72*30*O72>H72/J72,I72=""),"לרכוש","לא לרכוש") -> לא לרכוש | O72: 1000
A73: משדר מוליכות | B73: ACID | C73: 1-1-141-CIC-1 | D73: METTLER TOLEDO | E73: M-400 | F73: 4000 | G73: 1 | H73: =G73*F73 -> 4000 | I73: √ | J73: 1 | K73: 1 | L73: 1 | M73: =IF(AND(K73*L73*30*O73>H73/J73,I73=""),"לרכוש","לא לרכוש") -> לא לרכוש | O73: 1000
A74: משדר PH | B74: MEDIA PILOT | C74: 1-2-2-PHI-1 | D74: Mettler Toledo | E74: PH-2100e | F74: 4000 | G74: 1 | H74: =G74*F74 -> 4000 | I74: √ | J74: 2 | K74: 1 | L74: 1 | M74: =IF(AND(K74*L74*30*O74>H74/J74,I74=""),"לרכוש","לא לרכוש") -> לא לרכוש | O74: 1000
A75: LOAD CELL | B75: MEDIA | C75: 1-1-56-WC-1 | D75: REVERE | E75: RLC | F75: 4000 | G75: 1 | H75: =G75*F75 -> 4000 | J75: 1 | K75: 1 | L75: 0.5 | M75: =IF(AND(K75*L75*30*O75>H75/J75,I75=""),"לרכוש","לא לרכוש") -> לרכוש | O75: 1000
A76: אלקטרודת מוליכות | B76: MEDIA | C76: 1-1-56-CIC-1 | D76: Mettler Toledo | E76: Inpro 7108 1.5"TC 5200800 M400 | F76: 4000 | G76: 1 | H76: =G76*F76 -> 4000 | I76: √ | J76: 1 | K76: 1 | L76: 1 | M76: =IF(AND(K76*L76*30*O76>H76/J76,I76=""),"לרכוש","לא לרכוש") -> לא לרכוש | O76: 1000
A77: משדר PH | B77: MEDIA | C77: 1-1-8-PH-1 | D77: Mettler Toledo | E77: M400 | F77: 4000 | G77: 1 | H77: =G77*F77 -> 4000 | I77: √ | J77: 1 | K77: 1 | L77: 1 | M77: =IF(AND(K77*L77*30*O77>H77/J77,I77=""),"לרכוש","לא לרכוש") -> לא לרכוש | O77: 1000
A78: משדר מוליכות | B78: MEDIA | C78: 1-1-8-CIC-1 | D78: Mettler Toledo | E78: M400 | F78: 4000 | G78: 1 | H78: =G78*F78 -> 4000 | I78: √ | J78: 1 | K78: 1 | L78: 1 | M78: =IF(AND(K78*L78*30*O78>H78/J78,I78=""),"לרכוש","לא לרכוש") -> לא לרכוש | O78: 1000
A79: משדר מוליכות | B79: CRUDE | C79: 1-1-28-CIC-2 | D79: Mettler Toledo | E79: M400 | F79: 4000 | G79: 1 | H79: =G79*F79 -> 4000 | I79: √ | J79: 1 | K79: 1 | L79: 1 | M79: =IF(AND(K79*L79*30*O79>H79/J79,I79=""),"לרכוש","לא לרכוש") -> לא לרכוש | O79: 1000
A80: אלקטרודת מוליכות | B80: CRUDE | C80: 1-1-28-CIC-2 | D80: Mettler Toledo | E80: Inpro 7108 1.5"TC 5200800 M400 | F80: 4000 | G80: 1 | H80: =G80*F80 -> 4000 | I80: √ | J80: 1 | K80: 1 | L80: 1 | M80: =IF(AND(K80*L80*30*O80>H80/J80,I80=""),"לרכוש","לא לרכוש") -> לא לרכוש | O80: 1000
A81: משדר PH | B81: CRUDE | C81: 1-1-28-PH-2 | D81: Mettler Toledo | E81: M400 | F81: 4000 | G81: 1 | H81: 4000 | I81: √ | J81: 1 | K81: 1 | L81: 1 | M81: =IF(AND(K81*L81*30*O81>H81/J81,I81=""),"לרכוש","לא לרכוש") -> לא לרכוש | O81: 1000
A82: משדר מוליכות | B82: CRUDE | C82: 1-1-30-CIC-1 | D82: Mettler Toledo | E82: M400 | F82: 4000 | G82: 1 | H82: =G82*F82 -> 4000 | I82: √ | J82: 1 | K82: 1 | L82: 1 | M82: =IF(AND(K82*L82*30*O82>H82/J82,I82=""),"לרכוש","לא לרכוש") -> לא לרכוש | O82: 1000
A83: משדר PH | B83: CRUDE | C83: 1-1-30-CIC-1 | D83: Mettler Toledo | E83: M400 | F83: 4000 | G83: 1 | H83: =G83*F83 -> 4000 | I83: √ | J83: 1 | K83: 1 | L83: 1 | M83: =IF(AND(K83*L83*30*O83>H83/J83,I83=""),"לרכוש","לא לרכוש") -> לא לרכוש | O83: 1000
A84: משדר PH | B84: HARVEST | C84: 1-1-27-PH-1 | D84: Mettler Toledo | E84: M400 | F84: 4000 | G84: 1 | H84: =G84*F84 -> 4000 | I84: √ | J84: 1 | K84: 1 | L84: 1 | M84: =IF(AND(K84*L84*30*O84>H84/J84,I84=""),"לרכוש","לא לרכוש") -> לא לרכוש | O84: 1000
A85: משדר מוליכות | B85: HARVEST | C85: 1-1-27-CIC-1 | D85: Mettler Toledo | E85: M400 | F85: 4000 | G85: 1 | H85: =G85*F85 -> 4000 | I85: √ | J85: 1 | K85: 1 | L85: 1 | M85: =IF(AND(K85*L85*30*O85>H85/J85,I85=""),"לרכוש","לא לרכוש") -> לא לרכוש | O85: 1000
A86: מפסק גובה | B86: HARVEST | C86: 1-1-27-LSL-1 | D86: E+H | E86: LIQUIPHANT M FL50 | F86: 4000 | G86: 1 | H86: =G86*F86 -> 4000 | J86: 1 | K86: 1 | L86: 1.5 | M86: =IF(AND(K86*L86*30*O86>H86/J86,I86=""),"לרכוש","לא לרכוש") -> לרכוש | O86: 1000
A87: משדר PH | B87: COLUMN 1 | C87: 1-1-144-TV-PHT/I-1 | D87: Mettler Toledo | E87: 2100 | F87: 4000 | G87: 1 | H87: =G87*F87 -> 4000 | I87: √ | J87: 1 | K87: 1 | L87: 1 | M87: =IF(AND(K87*L87*30*O87>H87/J87,I87=""),"לרכוש","לא לרכוש") -> לא לרכוש | O87: 1000
A88: משדר PH | B88: COLUMN 1 | C88: 1-1-144-TV-PHT/I-3 | D88: Mettler Toledo | E88: 2100 | F88: 4000 | G88: 1 | H88: =G88*F88 -> 4000 | I88: √ | J88: 1 | K88: 1 | L88: 1 | M88: =IF(AND(K88*L88*30*O88>H88/J88,I88=""),"לרכוש","לא לרכוש") -> לא לרכוש | O88: 1000
A89: משדר PH | B89: COLUMN 1 | C89: 1-1-144-TV-PHT/I-4 | D89: Mettler Toledo | E89: 2100 | F89: 4000 | G89: 1 | H89: =G89*F89 -> 4000 | I89: √ | J89: 1 | K89: 1 | L89: 1 | M89: =IF(AND(K89*L89*30*O89>H89/J89,I89=""),"לרכוש","לא לרכוש") -> לא לרכוש | O89: 1000
A90: משדר PH | B90: COLUMN 1 | C90: 1-1-144-TV-PHT/I-6 | D90: Mettler Toledo | E90: 2100 | F90: 4000 | G90: 1 | H90: =G90*F90 -> 4000 | I90: √ | J90: 1 | K90: 1 | L90: 1 | M90: =IF(AND(K90*L90*30*O90>H90/J90,I90=""),"לרכוש","לא לרכוש") -> לא לרכוש | O90: 1000
A91: משדר PH | B91: COLUMN 2/3 | C91: 1-1-3-PH-1 | D91: Mettler Toledo | E91: M400 | F91: 4000 | G91: 1 | H91: =G91*F91 -> 4000 | I91: √ | J91: 1 | K91: 1 | L91: 1 | M91: =IF(AND(K91*L91*30*O91>H91/J91,I91=""),"לרכוש","לא לרכוש") -> לא לרכוש | O91: 1000
A92: משדר מוליכות | B92: COLUMN 2/3 | C92: 1-1-3-CIC-1 | D92: Mettler Toledo | E92: M400 | F92: 4000 | G92: 1 | H92: =G92*F92 -> 4000 | I92: √ | J92: 1 | K92: 1 | L92: 1 | M92: =IF(AND(K92*L92*30*O92>H92/J92,I92=""),"לרכוש","לא לרכוש") -> לא לרכוש | O92: 1000
A93: משדר מוליכות | B93: COLUMN 2/3 | C93: 1-1-3-CIC-2 | D93: Mettler Toledo | E93: M400 | F93: 4000 | G93: 1 | H93: =G93*F93 -> 4000 | I93: √ | J93: 1 | K93: 1 | L93: 1 | M93: =IF(AND(K93*L93*30*O93>H93/J93,I93=""),"לרכוש","לא לרכוש") -> לא לרכוש | O93: 1000
A94: משדר מוליכות | B94: COLUMN 4/5 | C94: 1-1-4-CIC-1 | D94: Mettler Toledo | E94: M400 | F94: 4000 | G94: 1 | H94: =G94*F94 -> 4000 | I94: √ | J94: 1 | K94: 1 | L94: 1 | M94: =IF(AND(K94*L94*30*O94>H94/J94,I94=""),"לרכוש","לא לרכוש") -> לא לרכוש | O94: 1000
A95: משדר PH | B95: COLUMN 4/5 | C95: 1-1-4-PH-1 | D95: Mettler Toledo | E95: M400 | F95: 4000 | G95: 1 | H95: =G95*F95 -> 4000 | I95: √ | J95: 1 | K95: 1 | L95: 1 | M95: =IF(AND(K95*L95*30*O95>H95/J95,I95=""),"לרכוש","לא לרכוש") -> לא לרכוש | O95: 1000
A96: אלקטרודת מוליכות | B96: NaOH | C96: 1-1-5-CIC-1 | D96: METTLER TOLEDO | E96: inpro 7100/12/425/4435 pn 52003793 | F96: 3596.5 | G96: 1 | H96: =G96*F96 -> 3596.5 | J96: 1 | K96: 1 | L96: 1 | M96: =IF(AND(K96*L96*30*O96>H96/J96,I96=""),"לרכוש","לא לרכוש") -> לרכוש | O96: 1000 | Q96: ציוד שחסר במלאי עקב החלפות (נשלחה דרישה)
A97: אלקטרודת מוליכות | B97: ACID | C97: 1-1-141-CIC-1 | D97: METTLER TOLEDO | E97: inpro 7100/12/425/4435 pn 52003793 | F97: 3596.5 | G97: 1 | H97: =G97*F97 -> 3596.5 | J97: 1 | K97: 1 | L97: 1 | M97: =IF(AND(K97*L97*30*O97>H97/J97,I97=""),"לרכוש","לא לרכוש") -> לרכוש | O97: 1000 | Q97: ציוד שחסר במלאי עקב החלפות (נשלחה דרישה)
A98: אלקטרודת מוליכות | B98: PW PRODUCTION 2500 | C98: 1-1-604 -CIT/TIT-005 | D98: METTLER TOLEDO | E98: 233E223 Transmitter: 770 Max -775-LA2 | F98: 3500 | G98: 1 | H98: =G98*F98 -> 3500 | I98: √ | J98: 1 | K98: 1 | L98: 1.2 | M98: =IF(AND(K98*L98*30*O98>H98/J98,I98=""),"לרכוש","לא לרכוש") -> לא לרכוש | O98: 1000
A99: אלקטרודת מוליכות | B99: PW STORAGE 2500 | C99: 1-1-606- CIT/TIT-001 | D99: METTLER TOLEDO | E99: SENSOR: 243E223 Transmitter: 770 Max -775-LA2 | F99: 3500 | G99: 1 | H99: =G99*F99 -> 3500 | I99: √ | J99: 1 | K99: 1 | L99: 1 | M99: =IF(AND(K99*L99*30*O99>H99/J99,I99=""),"לרכוש","לא לרכוש") -> לא לרכוש | O99: 1000
A100: מד מפלס | B100: צנטרפוגה | C100: 27-LIC-1 | D100: milan | E100: מצוף | F100: 3000 | G100: 1 | H100: =G100*F100 -> 3000 | J100: 1 | K100: 1 | L100: 0.5 | M100: =IF(AND(K100*L100*30*O100>H100/J100,I100=""),"לרכוש","לא לרכוש") -> לרכוש | O100: 1000
A101: מפסק גובה נמוך | B101: צנטרפוגה | C101: 27-LSL-1 | D101: E+H ISRAEL | E101: E+H - FTL51H | F101: 3000 | G101: 1 | H101: =G101*F101 -> 3000 | J101: 1 | K101: 1 | L101: 1.5 | M101: =IF(AND(K101*L101*30*O101>H101/J101,I101=""),"לרכוש","לא לרכוש") -> לרכוש | O101: 1000
...

Sheet חח מכשור - מלאי מינימום 2015
A2: הרשימה הזו מייצגת את כל המכשור שהיה מותקן בפרוטליקס בשנת 2015 ושימשה כמערכת שיקולים להחלטה על מלאי מינימום ח"ח מכשור. הרשימה אינה עדכנית ולא ניתן להסתמך עליה (עמית 04/02/21) | W2: 0 | X2: 1
A3: תיאור הציוד | B3: יצרן | C3: דגם | D3: מערכת | E3: מס' Tag | F3: מחיר ב₪ | G3: כמות נדרשת למלאי | H3: סה"כ | I3: קיים במלאי כן/לא | J3: סיכוי לכשל | K3: משבית/ לא משבית | L3: זמן הספקה [חודש] | M3: תוצאת חישוב | N3: עלות השבתה ליום | O3: האם יש הסכם שירות ? | P3: כמות מאותו דגם | Q3: האם לחשב כמות מינימום? | R3: מכפלת השיקולים | S3: מספר יחידות למלאי מחושב | T3: מספר יחידות למלאי לאחר דיון | U3: הערה | W3: 0.2 | X3: 3
A4: מד עכירות | B4: מודקון / לאמיקו | C4: OPTEK - CONVERTOR MODEL | D4: צנטרפוגה | E4: QIAH 02-9-042 | F4: 70000 | G4: 1 | H4: =G4*F4 -> 70000 | J4: 1 | K4: 0 | L4: 2 | M4: =IF(AND(K4*L4*30*N4>H4/J4,I4=""),"לרכוש","לא לרכוש") -> לא לרכוש | N4: 1000 | W4: 0.4 | X4: 1
A5: ='רשימת מכשור 2015'!A4 -> אנלייזר פחמן אורגני | B5: ='רשימת מכשור 2015'!B4 -> THORNTON | C5: ='רשימת מכשור 2015'!C4 -> 5000 | D5: ='רשימת מכשור 2015'!D4 -> PW פיילוט | E5: ='רשימת מכשור 2015'!E4 -> 1-TOC-1 | F5: ='רשימת מכשור 2015'!F4 -> 50000 | G5: 1 | H5: =G5*F5 -> 50000 | I5: √ | J5: 1 | K5: 1 | L5: 1.5 | M5: =IF(AND(K5*L5*30*N5>H5/J5,I5=""),"לרכוש","לא לרכוש") -> לא לרכוש | N5: 1000 | P5: 3 | Q5: =IF(I5=√, ) -> #NAME? | R5: =P5*L5*J5 -> 4.5 | S5: =IF(R5>$AA$8,IF(R5<$AA$9,$AB$9,$AB$10), $AB$8) -> 1 | T5: 1 | W5: 0.5 | X5: 23
A6: ='רשימת מכשור 2015'!A5 -> אנלייזר פחמן אורגני | B6: ='רשימת מכשור 2015'!B5 -> Mettler Toledo | C6: ='רשימת מכשור 2015'!C5 -> 5000TOC | D6: ='רשימת מכשור 2015'!D5 -> PW STORAGE 2500 | E6: ='רשימת מכשור 2015'!E5 -> 1-1-606-TOC-001 | F6: ='רשימת מכשור 2015'!F5 -> 50000 | G6: 1 | H6: =G6*F6 -> 50000 | I6: √ | J6: 1 | K6: 1 | L6: 1.5 | M6: =IF(AND(K6*L6*30*N6>H6/J6,I6=""),"לרכוש","לא לרכוש") -> לא לרכוש | N6: 1000 | P6: 3 | R6: =P6*L6*J6 -> 4.5 | S6: =IF(R6>$AA$8,IF(R6<$AA$9,$AB$9,$AB$10), $AB$8) -> 1 | T6: 1 | W6: 0.6 | X6: 1 | Z6: טבלת עזר
A7: ='רשימת מכשור 2015'!A7 -> multi chanel | B7: ='רשימת מכשור 2015'!B7 -> Mettler Toledo | C7: ='רשימת מכשור 2015'!C7 -> 770MAX | D7: ='רשימת מכשור 2015'!D7 -> 5000 | E7: ='רשימת מכשור 2015'!E7 -> N/A | F7: ='רשימת מכשור 2015'!F7 -> 10000 | G7: 1 | H7: 20000 | I7: √ | J7: 1 | K7: 1 | L7: 1.5 | M7: לא לרכוש | N7: 1000 | P7: 5 | R7: =P7*L7*J7 -> 7.5 | S7: =IF(R7>$AA$8,IF(R7<$AA$9,$AB$9,$AB$10), $AB$8) -> 1 | T7: 1 | W7: 0.8 | X7: 4 | Z7: מ | AA7: עד | AB7: מס יחידות למלאי
A8: ='רשימת מכשור 2015'!A9 -> אנלייזר קשיות | B8: ='רשימת מכשור 2015'!B9 -> ABB ISRAEL | C8: ='רשימת מכשור 2015'!C9 -> AW101/.1.2.1.1 | D8: ='רשימת מכשור 2015'!D9 -> HSW | E8: ='רשימת מכשור 2015'!E9 -> 1-1-57-HIC-1 | F8: ='רשימת מכשור 2015'!F9 -> 18000 | G8: 1 | H8: 18000 | J8: 1 | K8: 1 | N8: 1000 | P8: 1 | R8: =P8*L8*J8 -> 0 | S8: =IF(R8>$AA$8,IF(R8<$AA$9,$AB$9,$AB$10), $AB$8) -> 1 | T8: 1 | W8: 1 | X8: 26 | Z8: 0 | AA8: 8 | AB8: 1
A9: ='רשימת מכשור 2015'!A10 -> מד זרימה | B9: ='רשימת מכשור 2015'!B10 -> Liquid Controls Sponsler | C9: ='רשימת מכשור 2015'!C10 -> SP3/4-CS-PHL-3/4G-6MCIX3A | D9: ='רשימת מכשור 2015'!D10 -> CDI | E9: ='רשימת מכשור 2015'!E10 -> 1-1-134-FIC-1 | F9: ='רשימת מכשור 2015'!F10 -> 14000 | G9: 1 | H9: =G9*F9 -> 14000 | I9: √ | J9: 1 | K9: 1 | L9: 1.5 | M9: =IF(AND(K9*L9*30*N9>H9/J9,I9=""),"לרכוש","לא לרכוש") -> לא לרכוש | N9: 1000 | P9: 3 | R9: =P9*L9*J9 -> 4.5 | S9: =IF(R9>$AA$8,IF(R9<$AA$9,$AB$9,$AB$10), $AB$8) -> 1 | T9: 1 | W9: 1.2 | X9: 1 | Z9: 9 | AA9: 18 | AB9: 2
A10: ='רשימת מכשור 2015'!A12 -> משדר זרימה | B10: ='רשימת מכשור 2015'!B12 -> Liquid Controls Sponsler | C10: ='רשימת מכשור 2015'!C12 -> SP3/4-CS-PHL -3/4G-6MCIX3A | D10: ='רשימת מכשור 2015'!D12 -> PW PRODUCTION 2500 | E10: ='רשימת מכשור 2015'!E12 -> 1-1-604-FIT-001 | F10: ='רשימת מכשור 2015'!F12 -> 12000 | G10: 1 | H10: =G10*F10 -> 12000 | I10: √ | J10: 1 | K10: 0 | L10: 1.5 | M10: =IF(AND(K10*L10*30*N10>H10/J10,I10=""),"לרכוש","לא לרכוש") -> לא לרכוש | N10: 1000 | P10: 3 | R10: =P10*L10*J10 -> 4.5 | S10: =IF(R10>$AA$8,IF(R10<$AA$9,$AB$9,$AB$10), $AB$8) -> 1 | T10: 1 | W10: 1.4 | X10: 2 | Z10: 19 | AA10: 1000 | AB10: 3
A11: ='רשימת מכשור 2015'!A13 -> מד מפלס | B11: ='רשימת מכשור 2015'!B13 -> E+H | C11: ='רשימת מכשור 2015'!C13 -> MICROPILOT M FMR245-AETEJAA2AA | D11: ='רשימת מכשור 2015'!D13 -> NaOH | E11: ='רשימת מכשור 2015'!E13 -> 1-1-5-LC-1 | F11: ='רשימת מכשור 2015'!F13 -> 120000 | G11: 1 | H11: 12000 | J11: 1 | K11: 1 | L11: 1.5 | M11: =IF(AND(K11*L11*30*N11>H11/J11,I11=""),"לרכוש","לא לרכוש") -> לרכוש | N11: 1000 | P11: 2 | R11: =P11*L11*J11 -> 3 | S11: =IF(R11>$AA$8,IF(R11<$AA$9,$AB$9,$AB$10), $AB$8) -> 1 | T11: 1 | W11: 1.5 | X11: 20
A12: ='רשימת מכשור 2015'!A14 -> מד מפלס | B12: ='רשימת מכשור 2015'!B14 -> E+H | C12: ='רשימת מכשור 2015'!C14 -> MICROPILOT M FMR245-AETEJAA2AA | D12: ='רשימת מכשור 2015'!D14 -> ACID | E12: ='רשימת מכשור 2015'!E14 -> 1-1-141-LC-1 | F12: ='רשימת מכשור 2015'!F14 -> 120000 | G12: 1 | H12: 12000 | J12: 1 | K12: 1 | L12: 1.5 | M12: =IF(AND(K12*L12*30*N12>H12/J12,I12=""),"לרכוש","לא לרכוש") -> לרכוש | N12: 1000 | P12: 2 | R12: =P12*L12*J12 -> 3 | S12: =IF(R12>$AA$8,IF(R12<$AA$9,$AB$9,$AB$10), $AB$8) -> 1 | T12: 1 | W12: 1.8 | X12: 1
A13: ='רשימת מכשור 2015'!A15 -> מד מפלס | B13: ='רשימת מכשור 2015'!B15 -> E+H | C13: ='רשימת מכשור 2015'!C15 -> LEVELFLEX M FMP43-AS5TDJB21A2B | D13: ='רשימת מכשור 2015'!D15 -> WFI-PRODUCTION/STORAGE | E13: ='רשימת מכשור 2015'!E15 -> 25-LT-001 | F13: ='רשימת מכשור 2015'!F15 -> 12000 | G13: 1 | H13: =G13*F13 -> 12000 | J13: 1 | K13: 1 | L13: 1.5 | M13: =IF(AND(K13*L13*30*N13>H13/J13,I13=""),"לרכוש","לא לרכוש") -> לרכוש | N13: 1000 | P13: 1 | R13: =P13*L13*J13 -> 1.5 | S13: =IF(R13>$AA$8,IF(R13<$AA$9,$AB$9,$AB$10), $AB$8) -> 1 | T13: 1 | W13: 2 | X13: 15
A14: ='רשימת מכשור 2015'!A16 -> מד מפלס | B14: ='רשימת מכשור 2015'!B16 -> E+H | C14: ='רשימת מכשור 2015'!C16 -> LEVELFLEX M FMP41C-AATDKB21A2A | D14: ='רשימת מכשור 2015'!D16 -> SW SYSTEM | E14: ='רשימת מכשור 2015'!E16 -> 1-1-132-LIC-1 | F14: ='רשימת מכשור 2015'!F16 -> 12000 | G14: 1 | H14: =G14*F14 -> 12000 | J14: 1 | K14: 1 | L14: 1.5 | M14: =IF(AND(K14*L14*30*N14>H14/J14,I14=""),"לרכוש","לא לרכוש") -> לרכוש | N14: 1000 | P14: 1 | R14: =P14*L14*J14 -> 1.5 | S14: =IF(R14>$AA$8,IF(R14<$AA$9,$AB$9,$AB$10), $AB$8) -> 1 | T14: 1 | W14: 2.4 | X14: 2
A15: ='רשימת מכשור 2015'!A17 -> משדר לחץ | B15: ='רשימת מכשור 2015'!B17 -> LABOM | C15: ='רשימת מכשור 2015'!C17 -> LABOM - CV3110 | D15: ='רשימת מכשור 2015'!D17 -> צנטרפוגה | E15: ='רשימת מכשור 2015'!E17 -> PIAL 02-9-020 | F15: ='רשימת מכשור 2015'!F17 -> 10000 | G15: 1 | H15: =G15*F15 -> 10000 | J15: 1 | K15: 1 | L15: 1.5 | M15: =IF(AND(K15*L15*30*N15>H15/J15,I15=""),"לרכוש","לא לרכוש") -> לרכוש | N15: 1000 | P15: 3 | R15: =P15*L15*J15 -> 4.5 | S15: =IF(R15>$AA$8,IF(R15<$AA$9,$AB$9,$AB$10), $AB$8) -> 1 | T15: 1 | W15: 2.4 | X15: 2
A16: ='רשימת מכשור 2015'!A19 -> multi chanel | B16: ='רשימת מכשור 2015'!B19 -> THORNTON | C16: ='רשימת מכשור 2015'!C19 -> 770 max | D16: ='רשימת מכשור 2015'!D19 -> PW פיילוט | E16: ='רשימת מכשור 2015'!E19 -> 0 | F16: ='רשימת מכשור 2015'!F19 -> 10000 | G16: 1 | H16: =G16*F16 -> 10000 | I16: √ | J16: 1 | K16: 1 | L16: 1 | M16: =IF(AND(K16*L16*30*N16>H16/J16,I16=""),"לרכוש","לא לרכוש") -> לא לרכוש | N16: 1000 | P16: 5 | R16: =P16*L16*J16 -> 5 | S16: =IF(R16>$AA$8,IF(R16<$AA$9,$AB$9,$AB$10), $AB$8) -> 1 | T16: 1 | W16: 3 | X16: 21
A17: ='רשימת מכשור 2015'!A20 -> מד כלור | B17: ='רשימת מכשור 2015'!B20 -> E+H | C17: ='רשימת מכשור 2015'!C20 -> transmitter : liquisys m CCM253-EK8005 FLOWFIT-W CCA250 | D17: ='רשימת מכשור 2015'!D20 -> CLW | E17: ='רשימת מכשור 2015'!E20 -> 1-1-1-CLIC-1 | F17: ='רשימת מכשור 2015'!F20 -> 7000 | G17: 1 | H17: =G17*F17 -> 7000 | J17: 1 | K17: 1 | L17: 1.5 | M17: =IF(AND(K17*L17*30*N17>H17/J17,I17=""),"לרכוש","לא לרכוש") -> לרכוש | N17: 1000 | P17: 1 | R17: =P17*L17*J17 -> 1.5 | S17: =IF(R17>$AA$8,IF(R17<$AA$9,$AB$9,$AB$10), $AB$8) -> 1 | T17: 1 | W17: 3.6 | X17: 1
A18: ='רשימת מכשור 2015'!A21 -> מד מפלס | B18: ='רשימת מכשור 2015'!B21 -> E+H | C18: ='רשימת מכשור 2015'!C21 -> LIQUICAP M FMI52-A1BTDJA2A1A | D18: ='רשימת מכשור 2015'!D21 -> CLW | E18: ='רשימת מכשור 2015'!E21 -> 1-1-1-LC-1 | F18: ='רשימת מכשור 2015'!F21 -> 10000 | G18: 1 | H18: =G18*F18 -> 10000 | J18: 1 | K18: 1 | L18: 1.5 | M18: =IF(AND(K18*L18*30*N18>H18/J18,I18=""),"לרכוש","לא לרכוש") -> לרכוש | N18: 1000 | P18: 1 | R18: =P18*L18*J18 -> 1.5 | S18: =IF(R18>$AA$8,IF(R18<$AA$9,$AB$9,$AB$10), $AB$8) -> 1 | T18: 1 | W18: 4 | X18: 7
A19: ='רשימת מכשור 2015'!A23 -> multi chanel | B19: ='רשימת מכשור 2015'!B23 -> torenton | C19: ='רשימת מכשור 2015'!C23 -> torenton | D19: ='רשימת מכשור 2015'!D23 -> WFI-PRODUCTION/STORAGE | E19: ='רשימת מכשור 2015'!E23 -> 25-CIT-1 | F19: ='רשימת מכשור 2015'!F23 -> 10000 | G19: 1 | H19: =G19*F19 -> 10000 | I19: √ | J19: 1 | K19: 1 | L19: 1.2 | M19: =IF(AND(K19*L19*30*N19>H19/J19,I19=""),"לרכוש","לא לרכוש") -> לא לרכוש | N19: 1000 | P19: 5 | R19: =P19*L19*J19 -> 6 | S19: =IF(R19>$AA$8,IF(R19<$AA$9,$AB$9,$AB$10), $AB$8) -> 1 | T19: 1 | W19: 4.5 | X19: 7
A20: ='רשימת מכשור 2015'!A25 -> מד זרימה | B20: ='רשימת מכשור 2015'!B25 -> ABB ISRAEL | C20: ='רשימת מכשור 2015'!C25 -> ABB - FEH311 | D20: ='רשימת מכשור 2015'!D25 -> צנטרפוגה | E20: ='רשימת מכשור 2015'!E25 -> FIC 02-9-041 | F20: ='רשימת מכשור 2015'!F25 -> 9133 | G20: 1 | H20: =G20*F20 -> 9133 | J20: 1 | K20: 1 | L20: 1.5 | M20: =IF(AND(K20*L20*30*N20>H20/J20,I20=""),"לרכוש","לא לרכוש") -> לרכוש | N20: 1000 | P20: 2 | R20: =P20*L20*J20 -> 3 | S20: =IF(R20>$AA$8,IF(R20<$AA$9,$AB$9,$AB$10), $AB$8) -> 1 | T20: 1 | W20: 5 | X20: 6
A21: ='רשימת מכשור 2015'!A26 -> משדר חמצן | B21: ='רשימת מכשור 2015'!B26 -> Drager | C21: ='רשימת מכשור 2015'!C26 -> polytron 7000 | D21: ='רשימת מכשור 2015'!D26 -> GAS phase cell bank | E21: ='רשימת מכשור 2015'!E26 -> 1-2-2010-OM-2 | F21: ='רשימת מכשור 2015'!F26 -> 7500 | G21: 1 | H21: =G21*F21 -> 7500 | J21: 1 | K21: 1 | L21: 1 | M21: =IF(AND(K21*L21*30*N21>H21/J21,I21=""),"לרכוש","לא לרכוש") -> לרכוש | N21: 1000 | P21: 1 | R21: =P21*L21*J21 -> 1 | S21: =IF(R21>$AA$8,IF(R21<$AA$9,$AB$9,$AB$10), $AB$8) -> 1 | T21: 1 | W21: 5.5 | X21: 1
A22: ='רשימת מכשור 2015'!A27 -> מד כלור | B22: ='רשימת מכשור 2015'!B27 -> E+H | C22: ='רשימת מכשור 2015'!C27 -> Element : ccs140 transmitter : liquisys m cell : flowfit cca250 | D22: ='רשימת מכשור 2015'!D27 -> PRETREATMENT SYSTEM | E22: ='רשימת מכשור 2015'!E27 -> 1-1-131-CLIC-1 | F22: ='רשימת מכשור 2015'!F27 -> 7000 | G22: 1 | H22: =G22*F22 -> 7000 | J22: 1 | K22: 1 | L22: 1.5 | M22: =IF(AND(K22*L22*30*N22>H22/J22,I22=""),"לרכוש","לא לרכוש") -> לרכוש | N22: 1000 | P22: 2 | R22: =P22*L22*J22 -> 3 | S22: =IF(R22>$AA$8,IF(R22<$AA$9,$AB$9,$AB$10), $AB$8) -> 1 | T22: 1 | W22: 6 | X22: 3
A23: ='רשימת מכשור 2015'!A28 -> אלקטרודת מוליכות | B23: ='רשימת מכשור 2015'!B28 -> E+H | C23: ='רשימת מכשור 2015'!C28 -> Element : cls21-c1e4a Transmitter : liquisys m clm253-cd8005 | D23: ='רשימת מכשור 2015'!D28 -> PRETREATMENT SYSTEM | E23: ='רשימת מכשור 2015'!E28 -> 1-1-131-CIT 1 | F23: ='רשימת מכשור 2015'!F28 -> 7000 | G23: 1 | H23: =G23*F23 -> 7000 | J23: 1 | K23: 1 | L23: 1.5 | M23: =IF(AND(K23*L23*30*N23>H23/J23,I23=""),"לרכוש","לא לרכוש") -> לרכוש | N23: 1000 | P23: 2 | R23: =P23*L23*J23 -> 3 | S23: =IF(R23>$AA$8,IF(R23<$AA$9,$AB$9,$AB$10), $AB$8) -> 1 | T23: 1 | W23: 6.5 | X23: 1
A24: ='רשימת מכשור 2015'!A29 -> אלקטרודת מוליכות | B24: ='רשימת מכשור 2015'!B29 -> Mettler Toledo | C24: ='רשימת מכשור 2015'!C29 -> Inpro 7108 1.5"TC 5200800 M400 | D24: ='רשימת מכשור 2015'!D29 -> MEDIA | E24: ='רשימת מכשור 2015'!E29 -> 1-1-56-CIC-1 | F24: ='רשימת מכשור 2015'!F29 -> 4000 | G24: 1 | H24: =G24*F24 -> 4000 | I24: √ | J24: 1 | K24: 1 | L24: 1.5 | M24: =IF(AND(K24*L24*30*N24>H24/J24,I24=""),"לרכוש","לא לרכוש") -> לא לרכוש | N24: 1000 | P24: 1 | R24: =P24*L24*J24 -> 1.5 | S24: =IF(R24>$AA$8,IF(R24<$AA$9,$AB$9,$AB$10), $AB$8) -> 1 | T24: 1 | W24: 7 | X24: 1
A25: ='רשימת מכשור 2015'!A30 -> מד רדוקס | B25: ='רשימת מכשור 2015'!B30 -> EUTECH INSTRUMENT | C25: ='רשימת מכשור 2015'!C30 -> Sensor: Pt4805-DPA-SC-S8 Transmiter: ALPHA pH800 | D25: ='רשימת מכשור 2015'!D30 -> SW SYSTEM | E25: ='רשימת מכשור 2015'!E30 -> 1-1-132-ORP-1 | F25: ='רשימת מכשור 2015'!F30 -> 7000 | G25: 1 | H25: =G25*F25 -> 7000 | J25: 1 | K25: 1 | L25: 1.5 | M25: =IF(AND(K25*L25*30*N25>H25/J25,I25=""),"לרכוש","לא לרכוש") -> לרכוש | N25: 1000 | P25: 2 | R25: =P25*L25*J25 -> 3 | S25: =IF(R25>$AA$8,IF(R25<$AA$9,$AB$9,$AB$10), $AB$8) -> 1 | T25: 1 | W25: 7.5 | X25: 2
A26: ='רשימת מכשור 2015'!A32 -> מד רעידות | B26: ='רשימת מכשור 2015'!B32 -> GEAיצור עצמי | C26: ='רשימת מכשור 2015'!C32 -> HW - sensor messtechnik pch | D26: ='רשימת מכשור 2015'!D32 -> צנטרפוגה | E26: ='רשימת מכשור 2015'!E32 -> NAH/HH01-9-018 | F26: ='רשימת מכשור 2015'!F32 -> 6615 | G26: 1 | H26: =G26*F26 -> 6615 | J26: 1 | K26: 1 | L26: 1.5 | M26: =IF(AND(K26*L26*30*N26>H26/J26,I26=""),"לרכוש","לא לרכוש") -> לרכוש | N26: 1000 | P26: 1 | R26: =P26*L26*J26 -> 1.5 | S26: =IF(R26>$AA$8,IF(R26<$AA$9,$AB$9,$AB$10), $AB$8) -> 1 | T26: 1 | W26: 8.4 | X26: 1
A27: ='רשימת מכשור 2015'!A33 -> משדר לחץ | B27: ='רשימת מכשור 2015'!B33 -> E+H | C27: ='רשימת מכשור 2015'!C33 -> PMP46-RE13SBJPGD | D27: ='רשימת מכשור 2015'!D33 -> PW STORAGE 2500 | E27: ='רשימת מכשור 2015'!E33 -> 1-1-606-PIT-007 | F27: ='רשימת מכשור 2015'!F33 -> 6000 | G27: 1 | H27: =G27*F27 -> 6000 | I27: √ | J27: 1 | K27: 1 | L27: 1 | M27: =IF(AND(K27*L27*30*N27>H27/J27,I27=""),"לרכוש","לא לרכוש") -> לא לרכוש | N27: 1000 | P27: 1 | R27: =P27*L27*J27 -> 1 | S27: =IF(R27>$AA$8,IF(R27<$AA$9,$AB$9,$AB$10), $AB$8) -> 1 | T27: 1 | W27: 9 | X27: 3
A28: ='רשימת מכשור 2015'!A34 -> משדר לחץ | B28: ='רשימת מכשור 2015'!B34 -> Carabar M | C28: ='רשימת מכשור 2015'!C34 -> D800AB0112A | D28: ='רשימת מכשור 2015'!D34 -> WFI-PRODUCTION/STORAGE | E28: ='רשימת מכשור 2015'!E34 -> 25-PIC-1 | F28: ='רשימת מכשור 2015'!F34 -> 6000 | G28: 1 | H28: =G28*F28 -> 6000 | I28: √ | J28: 1 | K28: 1 | L28: 1.2 | M28: =IF(AND(K28*L28*30*N28>H28/J28,I28=""),"לרכוש","לא לרכוש") -> לא לרכוש | N28: 1000 | P28: 1 | R28: =P28*L28*J28 -> 1.2 | S28: =IF(R28>$AA$8,IF(R28<$AA$9,$AB$9,$AB$10), $AB$8) -> 1 | T28: 1 | W28: 9.1 | X28: 1
A29: ='רשימת מכשור 2015'!A35 -> משדר לחץ | B29: ='רשימת מכשור 2015'!B35 -> E+H | C29: ='רשימת מכשור 2015'!C35 -> CERABAR M PMC45 | D29: ='רשימת מכשור 2015'!D35 -> RO PRODUCTION | E29: ='רשימת מכשור 2015'!E35 -> 1-1-133-PIC-2 | F29: ='רשימת מכשור 2015'!F35 -> 6000 | G29: 1 | H29: =G29*F29 -> 6000 | I29: √ | J29: 1 | K29: 1 | L29: 1.5 | M29: =IF(AND(K29*L29*30*N29>H29/J29,I29=""),"לרכוש","לא לרכוש") -> לא לרכוש | N29: 1000 | P29: 1 | R29: =P29*L29*J29 -> 1.5 | S29: =IF(R29>$AA$8,IF(R29<$AA$9,$AB$9,$AB$10), $AB$8) -> 1 | T29: 1 | W29: 10.5 | X29: 1
A30: ='רשימת מכשור 2015'!A36 -> משדר לחץ | B30: ='רשימת מכשור 2015'!B36 -> E+H | C30: ='רשימת מכשור 2015'!C36 -> CB012C01024 | D30: ='רשימת מכשור 2015'!D36 -> RO PRODUCTION | E30: ='רשימת מכשור 2015'!E36 -> 1-1-133-PIC-6 | F30: ='רשימת מכשור 2015'!F36 -> 6000 | G30: 1 | H30: =G30*F30 -> 6000 | J30: 1 | K30: 1 | L30: 1.5 | M30: =IF(AND(K30*L30*30*N30>H30/J30,I30=""),"לרכוש","לא לרכוש") -> לרכוש | N30: 1000 | P30: 2 | R30: =P30*L30*J30 -> 3 | S30: =IF(R30>$AA$8,IF(R30<$AA$9,$AB$9,$AB$10), $AB$8) -> 1 | T30: 1 | W30: 11 | X30: 2
A31: ='רשימת מכשור 2015'!A38 -> משדר לחץ | B31: ='רשימת מכשור 2015'!B38 -> E+H | C31: ='רשימת מכשור 2015'!C38 -> CERABAR M PMP46-RE17P1JPDGD | D31: ='רשימת מכשור 2015'!D38 -> MEDIA | E31: ='רשימת מכשור 2015'!E38 -> 1-1-56-PC-1 | F31: ='רשימת מכשור 2015'!F38 -> 6000 | G31: 1 | H31: =G31*F31 -> 6000 | I31: √ | J31: 1 | K31: 1 | L31: 1.5 | M31: =IF(AND(K31*L31*30*N31>H31/J31,I31=""),"לרכוש","לא לרכוש") -> לא לרכוש | N31: 1000 | P31: 2 | R31: =P31*L31*J31 -> 3 | S31: =IF(R31>$AA$8,IF(R31<$AA$9,$AB$9,$AB$10), $AB$8) -> 1 | T31: 1 | W31: 13.5 | X31: 1
A32: ='רשימת מכשור 2015'!A40 -> משדר לחץ | B32: ='רשימת מכשור 2015'!B40 -> E+H | C32: ='רשימת מכשור 2015'!C40 -> CERABAR M PMP46-RE13SVJPDGD | D32: ='רשימת מכשור 2015'!D40 -> CRUDE | E32: ='רשימת מכשור 2015'!E40 -> 1-1-28-PC-2 | F32: ='רשימת מכשור 2015'!F40 -> 6000 | G32: 1 | H32: =G32*F32 -> 6000 | I32: √ | J32: 1 | K32: 1 | L32: 1.5 | M32: =IF(AND(K32*L32*30*N32>H32/J32,I32=""),"לרכוש","לא לרכוש") -> לא לרכוש | N32: 1000 | P32: 5 | R32: =P32*L32*J32 -> 7.5 | S32: =IF(R32>$AA$8,IF(R32<$AA$9,$AB$9,$AB$10), $AB$8) -> 1 | T32: 1 | W32: 15 | X32: 4
A33: ='רשימת מכשור 2015'!A45 -> מד מפלס | B33: ='רשימת מכשור 2015'!B45 -> E+H | C33: ='רשימת מכשור 2015'!C45 -> LIQUCAP M FMI52-A1ATJJA1A1A | D33: ='רשימת מכשור 2015'!D45 -> PW STORAGE 2500 | E33: ='רשימת מכשור 2015'!E45 -> 1-1-606-LT-002 | F33: ='רשימת מכשור 2015'!F45 -> 5111 | G33: 1 | H33: =G33*F33 -> 5111 | J33: 1 | K33: 1 | L33: 1.5 | M33: =IF(AND(K33*L33*30*N33>H33/J33,I33=""),"לרכוש","לא לרכוש") -> לרכוש | N33: 1000 | P33: 1 | R33: =P33*L33*J33 -> 1.5 | S33: =IF(R33>$AA$8,IF(R33<$AA$9,$AB$9,$AB$10), $AB$8) -> 1 | T33: 1 | W33: 60 | X33: 2
A34: ='רשימת מכשור 2015'!A46 -> סעפת 20 ברז (מפעיל)ים | B34: ='רשימת מכשור 2015'!B46 -> FESTO ISRAEL | C34: ='רשימת מכשור 2015'!C46 -> FESTO | D34: ='רשימת מכשור 2015'!D46 -> צנטרפוגה | E34: ='רשימת מכשור 2015'!E46 -> N/A | F34: ='רשימת מכשור 2015'!F46 -> 5000 | G34: 1 | H34: =G34*F34 -> 5000 | J34: 1 | K34: 1 | L34: 0.5 | M34: =IF(AND(K34*L34*30*N34>H34/J34,I34=""),"לרכוש","לא לרכוש") -> לרכוש | N34: 1000 | P34: 1 | R34: =P34*L34*J34 -> 0.5 | S34: =IF(R34>$AA$8,IF(R34<$AA$9,$AB$9,$AB$10), $AB$8) -> 1 | T34: 1 | W34: 70 | X34: 1
A35: ='רשימת מכשור 2015'!A47 -> משדר לחץ | B35: ='רשימת מכשור 2015'!B47 -> Baumer | C35: ='רשימת מכשור 2015'!C47 -> PBMH 25B72RA14481202000 | D35: ='רשימת מכשור 2015'!D47 -> DISTILLERY | E35: ='רשימת מכשור 2015'!E47 -> 1-1-40-PT-01 | F35: ='רשימת מכשור 2015'!F47 -> 5000 | G35: 1 | H35: =G35*F35 -> 5000 | I35: √ | J35: 1 | K35: 1 | L35: 1.2 | M35: =IF(AND(K35*L35*30*N35>H35/J35,I35=""),"לרכוש","לא לרכוש") -> לא לרכוש | N35: 1000 | P35: 3 | R35: =P35*L35*J35 -> 3.6 | S35: =IF(R35>$AA$8,IF(R35<$AA$9,$AB$9,$AB$10), $AB$8) -> 1 | T35: 1
A36: ='רשימת מכשור 2015'!A50 -> LOAD CELL | B36: ='רשימת מכשור 2015'!B50 -> TEDEA | C36: ='רשימת מכשור 2015'!C50 -> 3410 | D36: ='רשימת מכשור 2015'!D50 -> MEDIA | E36: ='רשימת מכשור 2015'!E50 -> 1-1-8-WC-1 | F36: ='רשימת מכשור 2015'!F50 -> 1500 | G36: 1 | H36: =G36*F36 -> 1500 | I36: √ | J36: 1 | K36: 1 | L36: 0.5 | M36: =IF(AND(K36*L36*30*N36>H36/J36,I36=""),"לרכוש","לא לרכוש") -> לא לרכוש | N36: 1000 | P36: 27 | R36: =P36*L36*J36 -> 13.5 | S36: =IF(R36>$AA$8,IF(R36<$AA$9,$AB$9,$AB$10), $AB$8) -> 2 | T36: 2 | U36: המשמעות של שתי יחידות היא שגם לאחר תקלה תישאר במלאי יחידה אחת לגיבוי, יש כרגע 3 יחידות, להשתמש באחת מהן בהזדמנות הראשונה (1500 ₪)
A37: ='רשימת מכשור 2015'!A51 -> LOAD CELL | B37: ='רשימת מכשור 2015'!B51 -> REVERE | C37: ='רשימת מכשור 2015'!C51 -> RLC | D37: ='רשימת מכשור 2015'!D51 -> CRUDE | E37: ='רשימת מכשור 2015'!E51 -> 1-1-28-WC-1 | F37: ='רשימת מכשור 2015'!F51 -> 1500 | G37: 1 | H37: =G37*F37 -> 1500 | J37: 1 | K37: 1 | L37: 0.5 | M37: =IF(AND(K37*L37*30*N37>H37/J37,I37=""),"לרכוש","לא לרכוש") -> לרכוש | N37: 1000 | P37: 21 | R37: =P37*L37*J37 -> 10.5 | S37: =IF(R37>$AA$8,IF(R37<$AA$9,$AB$9,$AB$10), $AB$8) -> 2 | T37: 2 | U37: המשמעות של שתי יחידות היא שגם לאחר תקלה תישאר במלאי יחידה אחת לגיבוי, יש כרגע 3 יחידות, להשתמש באחת מהן בהזדמנות הראשונה (1500 ₪)
A38: ='רשימת מכשור 2015'!A57 -> מד מהירות | B38: ='רשימת מכשור 2015'!B57 -> p+f | C38: ='רשימת מכשור 2015'!C57 -> KFD2-UFC-EX1.D | D38: ='רשימת מכשור 2015'!D57 -> HARVEST | E38: ='רשימת מכשור 2015'!E57 -> 1-1-27-SIC-1 | F38: ='רשימת מכשור 2015'!F57 -> 4500 | G38: 1 | H38: =G38*F38 -> 4500 | J38: 1 | K38: 1 | L38: 1.5 | M38: =IF(AND(K38*L38*30*N38>H38/J38,I38=""),"לרכוש","לא לרכוש") -> לרכוש | N38: 1000 | P38: 1 | R38: =P38*L38*J38 -> 1.5 | S38: =IF(R38>$AA$8,IF(R38<$AA$9,$AB$9,$AB$10), $AB$8) -> 1 | T38: 1
A39: ='רשימת מכשור 2015'!A66 -> LOAD CELL | B39: ='רשימת מכשור 2015'!B66 -> TEDEA | C39: ='רשימת מכשור 2015'!C66 -> 3510 | D39: ='רשימת מכשור 2015'!D66 -> COLUMN 4/5 | E39: ='רשימת מכשור 2015'!E66 -> 1-1-4-WC-1 | F39: ='רשימת מכשור 2015'!F66 -> 1500 | G39: 1 | H39: =G39*F39 -> 1500 | J39: 1 | K39: 1 | L39: 0.5 | M39: =IF(AND(K39*L39*30*N39>H39/J39,I39=""),"לרכוש","לא לרכוש") -> לרכוש | N39: 1000 | P39: 3 | R39: =P39*L39*J39 -> 1.5 | S39: =IF(R39>$AA$8,IF(R39<$AA$9,$AB$9,$AB$10), $AB$8) -> 1 | T39: 1
A40: ='רשימת מכשור 2015'!A67 -> LOAD CELL | B40: ='רשימת מכשור 2015'!B67 -> ZEMIC | C40: ='רשימת מכשור 2015'!C67 -> BM11-C3-50KG-3B-SC | D40: ='רשימת מכשור 2015'!D67 -> COLUMN 4/5 | E40: ='רשימת מכשור 2015'!E67 -> 1-1-4-WC-2 | F40: ='רשימת מכשור 2015'!F67 -> 1500 | G40: 1 | H40: =G40*F40 -> 1500 | J40: 1 | K40: 1 | L40: 0.5 | M40: =IF(AND(K40*L40*30*N40>H40/J40,I40=""),"לרכוש","לא לרכוש") -> לרכוש | N40: 1000 | P40: 3 | R40: =P40*L40*J40 -> 1.5 | S40: =IF(R40>$AA$8,IF(R40<$AA$9,$AB$9,$AB$10), $AB$8) -> 1 | T40: 1
A41: ='רשימת מכשור 2015'!A68 -> מפסק גובה | B41: ='רשימת מכשור 2015'!B68 -> E+H ISRAEL | C41: ='רשימת מכשור 2015'!C68 -> E+H - FTL50H | D41: ='רשימת מכשור 2015'!D68 -> צנטרפוגה | E41: ='רשימת מכשור 2015'!E68 -> LSH 01-9-016 | F41: ='רשימת מכשור 2015'!F68 -> 4226 | G41: 1 | H41: =G41*F41 -> 4226 | J41: 1 | K41: 1 | L41: 1.5 | M41: =IF(AND(K41*L41*30*N41>H41/J41,I41=""),"לרכוש","לא לרכוש") -> לרכוש | N41: 1000 | P41: 2 | R41: =P41*L41*J41 -> 3 | S41: =IF(R41>$AA$8,IF(R41<$AA$9,$AB$9,$AB$10), $AB$8) -> 1 | T41: 1
A42: ='רשימת מכשור 2015'!A69 -> אלקטרודת מוליכות | B42: ='רשימת מכשור 2015'!B69 -> Mettler Toledo | C42: ='רשימת מכשור 2015'!C69 -> Inpro 7108 1.5"TC 5200800 M400 | D42: ='רשימת מכשור 2015'!D69 -> CRUDE | E42: ='רשימת מכשור 2015'!E69 -> 1-1-28-CIC-2 | F42: ='רשימת מכשור 2015'!F69 -> 4000 | G42: 1 | H42: =G42*F42 -> 4000 | J42: 1 | K42: 1 | L42: 1 | M42: =IF(AND(K42*L42*30*N42>H42/J42,I42=""),"לרכוש","לא לרכוש") -> לרכוש | N42: 1000 | P42: 1 | R42: =P42*L42*J42 -> 1 | S42: =IF(R42>$AA$8,IF(R42<$AA$9,$AB$9,$AB$10), $AB$8) -> 1 | T42: 1
A43: ='רשימת מכשור 2015'!A70 -> משדר מוליכות | B43: ='רשימת מכשור 2015'!B70 -> Mettler Toledo | C43: ='רשימת מכשור 2015'!C70 -> M400 | D43: ='רשימת מכשור 2015'!D70 -> NaOH | E43: ='רשימת מכשור 2015'!E70 -> 1-1-5-CIC-1 | F43: ='רשימת מכשור 2015'!F70 -> 4000 | G43: 1 | H43: =G43*F43 -> 4000 | I43: √ | J43: 1 | K43: 1 | L43: 1 | M43: =IF(AND(K43*L43*30*N43>H43/J43,I43=""),"לרכוש","לא לרכוש") -> לא לרכוש | N43: 1000 | P43: 9 | R43: =P43*L43*J43 -> 9 | S43: =IF(R43>$AA$8,IF(R43<$AA$9,$AB$9,$AB$10), $AB$8) -> 2 | T43: 1 | U43: המכשיר אמין, יש כרגע 2 יחידות, להשתמש באחת מהן בהזדמנות הראשונה (4000 ₪)
A44: ='רשימת מכשור 2015'!A72 -> משדר PH | B44: ='רשימת מכשור 2015'!B72 -> Mettler Toledo | C44: ='רשימת מכשור 2015'!C72 -> PH-2100e | D44: ='רשימת מכשור 2015'!D72 -> MEDIA PILOT | E44: ='רשימת מכשור 2015'!E72 -> 1-2-2-PHI-1 | F44: ='רשימת מכשור 2015'!F72 -> 4000 | G44: 1 | H44: =G44*F44 -> 4000 | I44: √ | J44: 2 | K44: 1 | L44: 1 | M44: =IF(AND(K44*L44*30*N44>H44/J44,I44=""),"לרכוש","לא לרכוש") -> לא לרכוש | N44: 1000 | P44: 1 | R44: =P44*L44*J44 -> 2 | S44: =IF(R44>$AA$8,IF(R44<$AA$9,$AB$9,$AB$10), $AB$8) -> 1 | T44: 1
A45: ='רשימת מכשור 2015'!A74 -> אלקטרודת מוליכות | B45: ='רשימת מכשור 2015'!B74 -> METTLER TOLEDO | C45: ='רשימת מכשור 2015'!C74 -> inpro 7100/12/425/4435 pn 52003793 | D45: ='רשימת מכשור 2015'!D74 -> NaOH | E45: ='רשימת מכשור 2015'!E74 -> 1-1-5-CIC-1 | F45: ='רשימת מכשור 2015'!F74 -> 3596.5 | G45: 1 | H45: =G45*F45 -> 3596.5 | I45: √ | J45: 1 | K45: 1 | L45: 1 | M45: =IF(AND(K45*L45*30*N45>H45/J45,I45=""),"לרכוש","לא לרכוש") -> לא לרכוש | N45: 1000 | P45: 11 | R45: =P45*L45*J45 -> 11 | S45: =IF(R45>$AA$8,IF(R45<$AA$9,$AB$9,$AB$10), $AB$8) -> 2 | T45: 2 | U45: ללא פעילות נוספת
A46: ='רשימת מכשור 2015'!A84 -> מפסק גובה | B46: ='רשימת מכשור 2015'!B84 -> E+H | C46: ='רשימת מכשור 2015'!C84 -> LIQUIPHANT M FL50 | D46: ='רשימת מכשור 2015'!D84 -> HARVEST | E46: ='רשימת מכשור 2015'!E84 -> 1-1-27-LSL-1 | F46: ='רשימת מכשור 2015'!F84 -> 4000 | G46: 1 | H46: =G46*F46 -> 4000 | J46: 1 | K46: 1 | L46: 1.5 | M46: =IF(AND(K46*L46*30*N46>H46/J46,I46=""),"לרכוש","לא לרכוש") -> לרכוש | N46: 1000 | P46: 1 | R46: =P46*L46*J46 -> 1.5 | S46: =IF(R46>$AA$8,IF(R46<$AA$9,$AB$9,$AB$10), $AB$8) -> 1 | T46: 1
A47: ='רשימת מכשור 2015'!A85 -> משדר PH | B47: ='רשימת מכשור 2015'!B85 -> Mettler Toledo | C47: ='רשימת מכשור 2015'!C85 -> 2100 | D47: ='רשימת מכשור 2015'!D85 -> COLUMN 1 | E47: ='רשימת מכשור 2015'!E85 -> 1-1-144-TV-PHT/I-1 | F47: ='רשימת מכשור 2015'!F85 -> 4000 | G47: 1 | H47: =G47*F47 -> 4000 | I47: √ | J47: 1 | K47: 1 | L47: 1 | M47: =IF(AND(K47*L47*30*N47>H47/J47,I47=""),"לרכוש","לא לרכוש") -> לא לרכוש | N47: 1000 | P47: 4 | R47: =P47*L47*J47 -> 4 | S47: =IF(R47>$AA$8,IF(R47<$AA$9,$AB$9,$AB$10), $AB$8) -> 1 | T47: 1
A48: ='רשימת מכשור 2015'!A94 -> אלקטרודת מוליכות | B48: ='רשימת מכשור 2015'!B94 -> METTLER TOLEDO | C48: ='רשימת מכשור 2015'!C94 -> 233E223 Transmitter: 770 Max -775-LA2 | D48: ='רשימת מכשור 2015'!D94 -> PW PRODUCTION 2500 | E48: ='רשימת מכשור 2015'!E94 -> 1-1-604 -CIT/TIT-005 | F48: ='רשימת מכשור 2015'!F94 -> 3500 | G48: 1 | H48: =G48*F48 -> 3500 | I48: √ | J48: 1 | K48: 1 | L48: 1 | M48: =IF(AND(K48*L48*30*N48>H48/J48,I48=""),"לרכוש","לא לרכוש") -> לא לרכוש | N48: 1000 | P48: 2 | R48: =P48*L48*J48 -> 2 | S48: =IF(R48>$AA$8,IF(R48<$AA$9,$AB$9,$AB$10), $AB$8) -> 1 | T48: 1
A49: ='רשימת מכשור 2015'!A96 -> אלקטרודת מוליכות | B49: ='רשימת מכשור 2015'!B78 -> METTLER TOLEDO | C49: ='רשימת מכשור 2015'!C96 -> SENSOR: 233E223 Transmitter: 770 Max | D49: ='רשימת מכשור 2015'!D96 -> RO PRODUCTION | E49: ='רשימת מכשור 2015'!E96 -> 1-1-133-CIC-1 | F49: ='רשימת מכשור 2015'!F96 -> 2500 | G49: 1 | H49: =G49*F49 -> 2500 | I49: √ | J49: 1 | K49: 1 | L49: 1.2 | M49: =IF(AND(K49*L49*30*N49>H49/J49,I49=""),"לרכוש","לא לרכוש") -> לא לרכוש | N49: 1000 | P49: 7 | R49: =P49*L49*J49 -> 8.4 | S49: =IF(R49>$AA$8,IF(R49<$AA$9,$AB$9,$AB$10), $AB$8) -> 2 | T49: 2 | U49: למרות כמות היחידות הרבה המותקנות, הכרטיס בעל אמינות גבוהה מאוד ולמרות זאת כנראה תהיה הפסקת יצור בקרוב ולכן ממליץ להשאר עם שתי היחידות
A50: ='רשימת מכשור 2015'!A97 -> אלקטרודת מוליכות | B50: ='רשימת מכשור 2015'!B97 -> Mettler Toledo | C50: ='רשימת מכשור 2015'!C97 -> SENSOR: 233E223 Transmitter: 770 Max | D50: ='רשימת מכשור 2015'!D97 -> RO PRODUCTION | E50: ='רשימת מכשור 2015'!E97 -> 1-1-133-CIC-2 | F50: ='רשימת מכשור 2015'!F97 -> 2500 | G50: 1 | H50: =G50*F50 -> 2500 | I50: √ | J50: 1 | K50: 1 | L50: 1 | M50: =IF(AND(K50*L50*30*N50>H50/J50,I50=""),"לרכוש","לא לרכוש") -> לא לרכוש | N50: 1000 | P50: 6 | R50: =P50*L50*J50 -> 6 | S50: =IF(R50>$AA$8,IF(R50<$AA$9,$AB$9,$AB$10), $AB$8) -> 1 | T50: 1
A51: ='רשימת מכשור 2015'!A98 -> מד מפלס | B51: ='רשימת מכשור 2015'!B98 -> milan | C51: ='רשימת מכשור 2015'!C98 -> מצוף | D51: ='רשימת מכשור 2015'!D98 -> צנטרפוגה | E51: ='רשימת מכשור 2015'!E98 -> 27-LIC-1 | F51: ='רשימת מכשור 2015'!F98 -> 3000 | G51: 1 | H51: =G51*F51 -> 3000 | J51: 1 | K51: 1 | L51: 0.5 | M51: =IF(AND(K51*L51*30*N51>H51/J51,I51=""),"לרכוש","לא לרכוש") -> לרכוש | N51: 1000 | P51: 1 | R51: =P51*L51*J51 -> 0.5 | S51: =IF(R51>$AA$8,IF(R51<$AA$9,$AB$9,$AB$10), $AB$8) -> 1 | T51: 1
A52: ='רשימת מכשור 2015'!A100 -> מפסק זרימה | B52: ='רשימת מכשור 2015'!B100 -> negele | C52: ='רשימת מכשור 2015'!C100 -> FKS-141 | D52: ='רשימת מכשור 2015'!D100 -> PW פיילוט | E52: ='רשימת מכשור 2015'!E100 -> 1-FS-1 | F52: ='רשימת מכשור 2015'!F100 -> 3000 | G52: 1 | H52: =G52*F52 -> 3000 | J52: 1 | K52: 1 | L52: 1 | M52: =IF(AND(K52*L52*30*N52>H52/J52,I52=""),"לרכוש","לא לרכוש") -> לרכוש | N52: 1000 | P52: 2 | R52: =P52*L52*J52 -> 2 | S52: =IF(R52>$AA$8,IF(R52<$AA$9,$AB$9,$AB$10), $AB$8) -> 1 | T52: 1
A53: ='רשימת מכשור 2015'!A101 -> מד רדוקס | B53: ='רשימת מכשור 2015'!B101 -> Sensor: Metler Toledo Transmitter: EUTECH INSTRUMENT | C53: ='רשימת מכשור 2015'!C101 -> Sensor: Pt4805-DPA-SC-S8 Transmiter: ALPHA pH500 | D53: ='רשימת מכשור 2015'!D101 -> PW PRETREAMENT 2500 | E53: ='רשימת מכשור 2015'!E101 -> 1-1-605-ORP-001 | F53: ='רשימת מכשור 2015'!F101 -> 7000 | G53: 1 | H53: 6000 | J53: 1 | K53: 1 | L53: 1.2 | M53: =IF(AND(K53*L53*30*N53>H53/J53,I53=""),"לרכוש","לא לרכוש") -> לרכוש | N53: 1000 | P53: 2 | R53: =P53*L53*J53 -> 2.4 | S53: =IF(R53>$AA$8,IF(R53<$AA$9,$AB$9,$AB$10), $AB$8) -> 1 | T53: 1
A54: ='רשימת מכשור 2015'!A102 -> מד זרימה | B54: ='רשימת מכשור 2015'!B102 -> E+H | C54: ='רשימת מכשור 2015'!C102 -> Flowphant T DTT35-A1C111DB2AAB | D54: ='רשימת מכשור 2015'!D102 -> RO PRODUCTION | E54: ='רשימת מכשור 2015'!E102 -> 1-1-133-FIC-1 | F54: ='רשימת מכשור 2015'!F102 -> 3000 | G54: 1 | H54: =G54*F54 -> 3000 | J54: 1 | K54: 1 | L54: 1.5 | M54: =IF(AND(K54*L54*30*N54>H54/J54,I54=""),"לרכוש","לא לרכוש") -> לרכוש | N54: 1000 | P54: 2 | R54: =P54*L54*J54 -> 3 | S54: =IF(R54>$AA$8,IF(R54<$AA$9,$AB$9,$AB$10), $AB$8) -> 1 | T54: 1
A55: ='רשימת מכשור 2015'!A104 -> ברז (מפעיל) בקרה | B55: ='רשימת מכשור 2015'!B104 -> SIEMENS | C55: ='רשימת מכשור 2015'!C104 -> Acvatix SKD 60 | D55: ='רשימת מכשור 2015'!D104 -> AHU-WH | E55: ='רשימת מכשור 2015'!E104 -> 1-2-51021-TCV-1 | F55: ='רשימת מכשור 2015'!F104 -> 1600 | G55: 1 | H55: =G55*F55 -> 1600 | I55: √ | J55: 1 | K55: 1 | L55: 0.5 | M55: =IF(AND(K55*L55*30*N55>H55/J55,I55=""),"לרכוש","לא לרכוש") -> לא לרכוש | N55: 1000 | P55: 3 | R55: =P55*L55*J55 -> 1.5 | S55: =IF(R55>$AA$8,IF(R55<$AA$9,$AB$9,$AB$10), $AB$8) -> 1 | T55: 1
A56: ='רשימת מכשור 2015'!A105 -> ברז (מפעיל) בקרה | B56: ='רשימת מכשור 2015'!B105 -> siemens | C56: ='רשימת מכשור 2015'!C105 -> 0155 02A | D56: ='רשימת מכשור 2015'!D105 -> AHU-N02 | E56: ='רשימת מכשור 2015'!E105 -> 1-1-51005-MVD-N02-01 | F56: ='רשימת מכשור 2015'!F105 -> 3000 | G56: 1 | H56: =G56*F56 -> 3000 | J56: 1 | K56: 1 | L56: 0.5 | M56: =IF(AND(K56*L56*30*N56>H56/J56,I56=""),"לרכוש","לא לרכוש") -> לרכוש | N56: 1000 | P56: 1 | R56: =P56*L56*J56 -> 0.5 | S56: =IF(R56>$AA$8,IF(R56<$AA$9,$AB$9,$AB$10), $AB$8) -> 1 | T56: 1
A57: ='רשימת מכשור 2015'!A106 -> ברז (מפעיל) בקרה | B57: ='רשימת מכשור 2015'!B106 -> SIEMENS | C57: ='רשימת מכשור 2015'!C106 -> ACVITEX SQX62 | D57: ='רשימת מכשור 2015'!D106 -> AHU-N01 | E57: ='רשימת מכשור 2015'!E106 -> 1-1-51005-CV-N01-04 | F57: ='רשימת מכשור 2015'!F106 -> 3000 | G57: 1 | H57: =G57*F57 -> 3000 | J57: 1 | K57: 1 | L57: 0.5 | M57: =IF(AND(K57*L57*30*N57>H57/J57,I57=""),"לרכוש","לא לרכוש") -> לרכוש | N57: 1000 | P57: 2 | R57: =P57*L57*J57 -> 1 | S57: =IF(R57>$AA$8,IF(R57<$AA$9,$AB$9,$AB$10), $AB$8) -> 1 | T57: 1
A58: ='רשימת מכשור 2015'!A109 -> משדר לחץ | B58: ='רשימת מכשור 2015'!B109 -> ELCON | C58: ='רשימת מכשור 2015'!C109 -> ELCON | D58: ='רשימת מכשור 2015'!D109 -> COLUMN 1 | E58: ='רשימת מכשור 2015'!E109 -> 1-1-144-PT-1 | F58: ='רשימת מכשור 2015'!F109 -> 3000 | G58: 1 | H58: =G58*F58 -> 3000 | J58: 1 | K58: 1 | L58: 1 | M58: =IF(AND(K58*L58*30*N58>H58/J58,I58=""),"לרכוש","לא לרכוש") -> לרכוש | N58: 1000 | P58: 3 | R58: =P58*L58*J58 -> 3 | S58: =IF(R58>$AA$8,IF(R58<$AA$9,$AB$9,$AB$10), $AB$8) -> 1 | T58: 1
A59: ='רשימת מכשור 2015'!A112 -> משדר תדר למהירות | B59: ='רשימת מכשור 2015'!B112 -> KAMA | C59: ='רשימת מכשור 2015'!C112 -> PF KFD2-UFC-1.D | D59: ='רשימת מכשור 2015'!D112 -> צנטרפוגה | E59: ='רשימת מכשור 2015'!E112 -> N/A | F59: ='רשימת מכשור 2015'!F112 -> 2500 | G59: 1 | H59: =G59*F59 -> 2500 | J59: 1 | K59: 1 | L59: 1 | M59: =IF(AND(K59*L59*30*N59>H59/J59,I59=""),"לרכוש","לא לרכוש") -> לרכוש | N59: 1000 | P59: 1 | R59: =P59*L59*J59 -> 1 | S59: =IF(R59>$AA$8,IF(R59<$AA$9,$AB$9,$AB$10), $AB$8) -> 1 | T59: 1
A60: ='רשימת מכשור 2015'!A114 -> משדר מוליכות | B60: ='רשימת מכשור 2015'!B114 -> EUTECH INSTRUMENT | C60: ='רשימת מכשור 2015'!C114 -> Alpha con500 | D60: ='רשימת מכשור 2015'!D114 -> PW PRODUCTION 2500 | E60: ='רשימת מכשור 2015'!E114 -> 1-1-604-CIT-001 | F60: ='רשימת מכשור 2015'!F114 -> 2500 | G60: 1 | H60: =G60*F60 -> 2500 | J60: 1 | K60: 1 | L60: 1 | M60: =IF(AND(K60*L60*30*N60>H60/J60,I60=""),"לרכוש","לא לרכוש") -> לרכוש | N60: 1000 | P60: 3 | R60: =P60*L60*J60 -> 3 | S60: =IF(R60>$AA$8,IF(R60<$AA$9,$AB$9,$AB$10), $AB$8) -> 1 | T60: 1
A61: ='רשימת מכשור 2015'!A115 -> משדר מוליכות | B61: ='רשימת מכשור 2015'!B115 -> EUTECH INSTRUMENT | C61: ='רשימת מכשור 2015'!C115 -> ECCS10-0-1S Transmitter: Alpha Con 500 | D61: ='רשימת מכשור 2015'!D115 -> PW PRODUCTION 2500 | E61: ='רשימת מכשור 2015'!E115 -> 1-1-604-CIT-002 | F61: ='רשימת מכשור 2015'!F115 -> 2500 | G61: 1 | H61: =G61*F61 -> 2500 | I61: √ | J61: 1 | K61: 1 | L61: 1 | M61: =IF(AND(K61*L61*30*N61>H61/J61,I61=""),"לרכוש","לא לרכוש") -> לא לרכוש | N61: 1000 | P61: 1 | R61: =P61*L61*J61 -> 1 | S61: =IF(R61>$AA$8,IF(R61<$AA$9,$AB$9,$AB$10), $AB$8) -> 1 | T61: 1
A62: ='רשימת מכשור 2015'!A117 -> מפסק זרימה | B62: ='רשימת מכשור 2015'!B117 -> NEW FLOW | C62: ='רשימת מכשור 2015'!C117 -> MF-200 1/2" NPT F32A5005 | D62: ='רשימת מכשור 2015'!D117 -> PW PRODUCTION 2500 | E62: ='רשימת מכשור 2015'!E117 -> 1-1-604-FS-001 | F62: ='רשימת מכשור 2015'!F117 -> 2500 | G62: 1 | H62: =G62*F62 -> 2500 | J62: 1 | K62: 1 | L62: 1 | M62: =IF(AND(K62*L62*30*N62>H62/J62,I62=""),"לרכוש","לא לרכוש") -> לרכוש | N62: 1000 | P62: 1 | R62: =P62*L62*J62 -> 1 | S62: =IF(R62>$AA$8,IF(R62<$AA$9,$AB$9,$AB$10), $AB$8) -> 1 | T62: 1
A63: ='רשימת מכשור 2015'!A118 -> מד מפלס | B63: ='רשימת מכשור 2015'!B118 -> מדיד | C63: ='רשימת מכשור 2015'!C118 -> FL052L | D63: ='רשימת מכשור 2015'!D118 -> PW PRETREAMENT 2500 | E63: ='רשימת מכשור 2015'!E118 -> 1-1-605-LT-001 | F63: ='רשימת מכשור 2015'!F118 -> 2500 | G63: 1 | H63: =G63*F63 -> 2500 | J63: 1 | K63: 1 | L63: 0.5 | M63: =IF(AND(K63*L63*30*N63>H63/J63,I63=""),"לרכוש","לא לרכוש") -> לרכוש | N63: 1000 | P63: 1 | R63: =P63*L63*J63 -> 0.5 | S63: =IF(R63>$AA$8,IF(R63<$AA$9,$AB$9,$AB$10), $AB$8) -> 1 | T63: 1
A64: ='רשימת מכשור 2015'!A120 -> מפסק לחץ הפרשי | B64: ='רשימת מכשור 2015'!B120 -> SIEMENSE | C64: ='רשימת מכשור 2015'!C120 -> QBM81-5 | D64: ='רשימת מכשור 2015'!D120 -> 51001-AHU-01 | E64: ='רשימת מכשור 2015'!E120 -> 1-1-51001-PDS-01/2 | F64: ='רשימת מכשור 2015'!F120 -> 2500 | G64: 1 | H64: =G64*F64 -> 2500 | I64: √ | J64: 1 | K64: 1 | L64: 1.5 | M64: =IF(AND(K64*L64*30*N64>H64/J64,I64=""),"לרכוש","לא לרכוש") -> לא לרכוש | N64: 1000 | P64: 1 | R64: =P64*L64*J64 -> 1.5 | S64: =IF(R64>$AA$8,IF(R64<$AA$9,$AB$9,$AB$10), $AB$8) -> 1 | T64: 1
A65: ='רשימת מכשור 2015'!A121 -> אלקטרודת מוליכות | B65: ='רשימת מכשור 2015'!B121 -> Mettler Toledo | C65: ='רשימת מכשור 2015'!C121 -> SENSOR: 233E223 Transmitter: 770 Max | D65: ='רשימת מכשור 2015'!D121 -> RO PRODUCTION | E65: ='רשימת מכשור 2015'!E121 -> 1-1-133-CIC-5 | F65: ='רשימת מכשור 2015'!F121 -> 2500 | G65: 1 | H65: =G65*F65 -> 2500 | I65: √ | J65: 1 | K65: 1 | L65: 1.5 | M65: =IF(AND(K65*L65*30*N65>H65/J65,I65=""),"לרכוש","לא לרכוש") -> לא לרכוש | N65: 1000 | P65: 6 | R65: =P65*L65*J65 -> 9 | S65: =IF(R65>$AA$8,IF(R65<$AA$9,$AB$9,$AB$10), $AB$8) -> 2 | T65: 2 | U65: ללא פעילות נוספת
A66: ='רשימת מכשור 2015'!A122 -> מד טמפרטורה | B66: ='רשימת מכשור 2015'!B122 -> Mettler Toledo | C66: ='רשימת מכשור 2015'!C122 -> SENSOR: PT1000 Transmitter: 770 Max | D66: ='רשימת מכשור 2015'!D122 -> RO PRODUCTION | E66: ='רשימת מכשור 2015'!E122 -> 1-1-133-TIC-1 | F66: ='רשימת מכשור 2015'!F122 -> 2500 | G66: 1 | H66: =G66*F66 -> 2500 | J66: 1 | K66: 1 | L66: 1.5 | M66: =IF(AND(K66*L66*30*N66>H66/J66,I66=""),"לרכוש","לא לרכוש") -> לרכוש | N66: 1000 | P66: 3 | R66: =P66*L66*J66 -> 4.5 | S66: =IF(R66>$AA$8,IF(R66<$AA$9,$AB$9,$AB$10), $AB$8) -> 1 | T66: 1
A67: ='רשימת מכשור 2015'!A127 -> מפסק לחץ נמוך | B67: ='רשימת מכשור 2015'!B127 -> E+H | C67: ='רשימת מכשור 2015'!C127 -> Ceraphant T PTP35-A2A13P1DB4 | D67: ='רשימת מכשור 2015'!D127 -> RO PRODUCTION | E67: ='רשימת מכשור 2015'!E127 -> 1-1-133-PSL-1 | F67: ='רשימת מכשור 2015'!F127 -> 2500 | G67: 1 | H67: =G67*F67 -> 2500 | J67: 1 | K67: 1 | L67: 1.5 | M67: =IF(AND(K67*L67*30*N67>H67/J67,I67=""),"לרכוש","לא לרכוש") -> לרכוש | N67: 1000 | P67: 1 | R67: =P67*L67*J67 -> 1.5 | S67: =IF(R67>$AA$8,IF(R67<$AA$9,$AB$9,$AB$10), $AB$8) -> 1 | T67: 1
A68: ='רשימת מכשור 2015'!A131 -> אלקטרודת מוליכות | B68: ='רשימת מכשור 2015'!B131 -> Mettler Toledo | C68: ='רשימת מכשור 2015'!C131 -> Inpro 7108 1.5"TC 5200800 M400 | D68: ='רשימת מכשור 2015'!D131 -> CRUDE | E68: ='רשימת מכשור 2015'!E131 -> 1-1-30-CIC-1 | F68: ='רשימת מכשור 2015'!F131 -> 2000 | G68: 1 | H68: =G68*F68 -> 2000 | I68: √ | J68: 1 | K68: 1 | L68: 1.5 | M68: =IF(AND(K68*L68*30*N68>H68/J68,I68=""),"לרכוש","לא לרכוש") -> לא לרכוש | N68: 1000 | P68: 1 | R68: =P68*L68*J68 -> 1.5 | S68: =IF(R68>$AA$8,IF(R68<$AA$9,$AB$9,$AB$10), $AB$8) -> 1 | T68: 1
A69: ='רשימת מכשור 2015'!A132 -> מד מפלס | B69: ='רשימת מכשור 2015'!B132 -> milan | C69: ='רשימת מכשור 2015'!C132 -> מצוף רציף | D69: ='רשימת מכשור 2015'!D132 -> HARVEST | E69: ='רשימת מכשור 2015'!E132 -> 1-1-27-LIC-1 | F69: ='רשימת מכשור 2015'!F132 -> 2500 | G69: 1 | H69: =G69*F69 -> 2500 | J69: 1 | K69: 1 | L69: 1 | M69: =IF(AND(K69*L69*30*N69>H69/J69,I69=""),"לרכוש","לא לרכוש") -> לרכוש | N69: 1000 | P69: 1 | R69: =P69*L69*J69 -> 1 | S69: =IF(R69>$AA$8,IF(R69<$AA$9,$AB$9,$AB$10), $AB$8) -> 1 | T69: 1
A70: ='רשימת מכשור 2015'!A133 -> משדר טמפרטורה | B70: ='רשימת מכשור 2015'!B133 -> LABOM | C70: ='רשימת מכשור 2015'!C133 -> LABOM GA2610 | D70: ='רשימת מכשור 2015'!D133 -> צנטרפוגה | E70: ='רשימת מכשור 2015'!E133 -> TI 02-9-504 | F70: ='רשימת מכשור 2015'!F133 -> 2300 | G70: 1 | H70: =G70*F70 -> 2300 | I70: √ | J70: 1 | K70: 0 | L70: 1.5 | M70: =IF(AND(K70*L70*30*N70>H70/J70,I70=""),"לרכוש","לא לרכוש") -> לא לרכוש | N70: 1000 | P70: 1 | R70: =P70*L70*J70 -> 1.5 | S70: =IF(R70>$AA$8,IF(R70<$AA$9,$AB$9,$AB$10), $AB$8) -> 1 | T70: 1
A71: ='רשימת מכשור 2015'!A134 -> מד מפלס | B71: ='רשימת מכשור 2015'!B134 -> MADID/noga | C71: ='רשימת מכשור 2015'!C134 -> FL52L | D71: ='רשימת מכשור 2015'!D134 -> PW פיילוט | E71: ='רשימת מכשור 2015'!E134 -> 1-LIC-1 | F71: ='רשימת מכשור 2015'!F134 -> 2000 | G71: 1 | H71: =G71*F71 -> 2000 | J71: 1 | K71: 1 | L71: 0.5 | M71: =IF(AND(K71*L71*30*N71>H71/J71,I71=""),"לרכוש","לא לרכוש") -> לרכוש | N71: 1000 | P71: 1 | R71: =P71*L71*J71 -> 0.5 | S71: =IF(R71>$AA$8,IF(R71<$AA$9,$AB$9,$AB$10), $AB$8) -> 1 | T71: 1
A72: ='רשימת מכשור 2015'!A135 -> מפסק זרימה | B72: ='רשימת מכשור 2015'!B135 -> Negele | C72: ='רשימת מכשור 2015'!C135 -> FKS 141 | D72: ='רשימת מכשור 2015'!D135 -> PW STORAGE 2500 | E72: ='רשימת מכשור 2015'!E135 -> 1-1-606-FS-001 | F72: ='רשימת מכשור 2015'!F135 -> 3000 | G72: 1 | H72: =G72*F72 -> 3000 | J72: 1 | K72: 1 | L72: 1 | M72: =IF(AND(K72*L72*30*N72>H72/J72,I72=""),"לרכוש","לא לרכוש") -> לרכוש | N72: 1000 | P72: 2 | R72: =P72*L72*J72 -> 2 | S72: =IF(R72>$AA$8,IF(R72<$AA$9,$AB$9,$AB$10), $AB$8) -> 1 | T72: 1
A73: ='רשימת מכשור 2015'!A136 -> מפסק גובה | B73: ='רשימת מכשור 2015'!B136 -> COR | C73: ='רשימת מכשור 2015'!C136 -> COR | D73: ='רשימת מכשור 2015'!D136 -> DISTILLERY | E73: ='רשימת מכשור 2015'!E136 -> 1-1-40-LC-09 | F73: ='רשימת מכשור 2015'!F136 -> 2000 | G73: 1 | H73: =G73*F73 -> 2000 | J73: 1 | K73: 1 | L73: 0.5 | M73: =IF(AND(K73*L73*30*N73>H73/J73,I73=""),"לרכוש","לא לרכוש") -> לרכוש | N73: 1000 | P73: 1 | R73: =P73*L73*J73 -> 0.5 | S73: =IF(R73>$AA$8,IF(R73<$AA$9,$AB$9,$AB$10), $AB$8) -> 1 | T73: 1
A74: ='רשימת מכשור 2015'!A138 -> מד מפלס | B74: ='רשימת מכשור 2015'!B138 -> ELCON/BD sensors | C74: ='רשימת מכשור 2015'!C138 -> 18.605 | D74: ='רשימת מכשור 2015'!D138 -> PRETREATMENT SYSTEM | E74: ='רשימת מכשור 2015'!E138 -> 1-1-131-LIC-1 | F74: ='רשימת מכשור 2015'!F138 -> 2000 | G74: 1 | H74: =G74*F74 -> 2000 | J74: 1 | K74: 1 | L74: 1 | M74: =IF(AND(K74*L74*30*N74>H74/J74,I74=""),"לרכוש","לא לרכוש") -> לרכוש | N74: 1000 | P74: 1 | R74: =P74*L74*J74 -> 1 | S74: =IF(R74>$AA$8,IF(R74<$AA$9,$AB$9,$AB$10), $AB$8) -> 1 | T74: 1
A75: ='רשימת מכשור 2015'!A139 -> מפסק טמפרטורה | B75: ='רשימת מכשור 2015'!B139 -> E+H | C75: ='רשימת מכשור 2015'!C139 -> Thrmophant T TTR35-A2A111DB1AAB | D75: ='רשימת מכשור 2015'!D139 -> RO PRODUCTION | E75: ='רשימת מכשור 2015'!E139 -> 1-1-133-TS-4 | F75: ='רשימת מכשור 2015'!F139 -> 2000 | G75: 1 | H75: =G75*F75 -> 2000 | I75: √ | J75: 1 | K75: 0 | L75: 1.5 | M75: =IF(AND(K75*L75*30*N75>H75/J75,I75=""),"לרכוש","לא לרכוש") -> לא לרכוש | N75: 1000 | P75: 2 | R75: =P75*L75*J75 -> 3 | S75: =IF(R75>$AA$8,IF(R75<$AA$9,$AB$9,$AB$10), $AB$8) -> 1 | T75: 1
A76: ='רשימת מכשור 2015'!A141 -> מפסק זרימה | B76: ='רשימת מכשור 2015'!B141 -> New Flow | C76: ='רשימת מכשור 2015'!C141 -> MF200 0.75" | D76: ='רשימת מכשור 2015'!D141 -> CDI | E76: ='רשימת מכשור 2015'!E141 -> 1-1-134-FSL-1 | F76: ='רשימת מכשור 2015'!F141 -> 2000 | G76: 1 | H76: =G76*F76 -> 2000 | J76: 1 | K76: 1 | L76: 0.5 | M76: =IF(AND(K76*L76*30*N76>H76/J76,I76=""),"לרכוש","לא לרכוש") -> לרכוש | N76: 1000 | P76: 2 | R76: =P76*L76*J76 -> 1 | S76: =IF(R76>$AA$8,IF(R76<$AA$9,$AB$9,$AB$10), $AB$8) -> 1 | T76: 1
A77: ='רשימת מכשור 2015'!A145 -> אלקטרודת PH | B77: ='רשימת מכשור 2015'!B145 -> Mettler Toledo | C77: ='רשימת מכשור 2015'!C145 -> Inpro 3253/120/PT100 pH2100 | D77: ='רשימת מכשור 2015'!D145 -> MEDIA | E77: ='רשימת מכשור 2015'!E145 -> 1-1-8-PH-1 | F77: ='רשימת מכשור 2015'!F145 -> 2000 | G77: 1 | H77: =G77*F77 -> 2000 | I77: √ | J77: 3 | K77: 1 | L77: 1 | M77: =IF(AND(K77*L77*30*N77>H77/J77,I77=""),"לרכוש","לא לרכוש") -> לא לרכוש | N77: 1000 | P77: 2 | R77: =P77*L77*J77 -> 6 | S77: =IF(R77>$AA$8,IF(R77<$AA$9,$AB$9,$AB$10), $AB$8) -> 1 | T77: 1
A78: ='רשימת מכשור 2015'!A146 -> אלקטרודת מוליכות | B78: ='רשימת מכשור 2015'!B146 -> Mettler Toledo | C78: ='רשימת מכשור 2015'!C146 -> Inpro 3253I/SV/120 M400 | D78: ='רשימת מכשור 2015'!D146 -> HARVEST | E78: ='רשימת מכשור 2015'!E146 -> 1-1-27-CIC-1 | F78: ='רשימת מכשור 2015'!F146 -> 2000 | G78: 1 | H78: =G78*F78 -> 2000 | I78: √ | J78: 1 | K78: 1 | L78: 1 | M78: =IF(AND(K78*L78*30*N78>H78/J78,I78=""),"לרכוש","לא לרכוש") -> לא לרכוש | N78: 1000 | P78: 11 | R78: =P78*L78*J78 -> 11 | S78: =IF(R78>$AA$8,IF(R78<$AA$9,$AB$9,$AB$10), $AB$8) -> 2 | T78: 2 | U78: ללא פעילות נוספת
A79: ='רשימת מכשור 2015'!A148 -> אלקטרודת PH | B79: ='רשימת מכשור 2015'!B148 -> Mettler Toledo | C79: ='רשימת מכשור 2015'!C148 -> Inpro 3253I/SV/120 M400 | D79: ='רשימת מכשור 2015'!D148 -> CRUDE | E79: ='רשימת מכשור 2015'!E148 -> 1-1-28-PH-2 | F79: ='רשימת מכשור 2015'!F148 -> 2000 | G79: 1 | H79: =G79*F79 -> 2000 | I79: √ | J79: 3 | K79: 1 | L79: 1 | M79: =IF(AND(K79*L79*30*N79>H79/J79,I79=""),"לרכוש","לא לרכוש") -> לא לרכוש | N79: 1000 | P79: 5 | R79: =P79*L79*J79 -> 15 | S79: =IF(R79>$AA$8,IF(R79<$AA$9,$AB$9,$AB$10), $AB$8) -> 2 | T79: 2 | U79: ללא פעילות נוספת
A80: ='רשימת מכשור 2015'!A153 -> אלקטרודת PH | B80: ='רשימת מכשור 2015'!B153 -> Mettler Toledo | C80: ='רשימת מכשור 2015'!C153 -> Inpro 3253/120/PT100 pH2100e | D80: ='רשימת מכשור 2015'!D153 -> COLUMN 1 | E80: ='רשימת מכשור 2015'!E153 -> 1-1-144-TV-PHT/I-1 | F80: ='רשימת מכשור 2015'!F153 -> 2000 | G80: 1 | H80: =G80*F80 -> 2000 | I80: √ | J80: 3 | K80: 1 | L80: 1 | M80: =IF(AND(K80*L80*30*N80>H80/J80,I80=""),"לרכוש","לא לרכוש") -> לא לרכוש | N80: 1000 | P80: 5 | R80: =P80*L80*J80 -> 15 | S80: =IF(R80>$AA$8,IF(R80<$AA$9,$AB$9,$AB$10), $AB$8) -> 2 | T80: 2 | U80: ללא פעילות נוספת
A81: ='רשימת מכשור 2015'!A161 -> משדר מוליכות | B81: ='רשימת מכשור 2015'!B161 -> Mettler Toledo | C81: ='רשימת מכשור 2015'!C161 -> 7100 | D81: ='רשימת מכשור 2015'!D161 -> COLUMN 1 | E81: ='רשימת מכשור 2015'!E161 -> 1-1-144-TV-CONDT/I-1 | F81: ='רשימת מכשור 2015'!F161 -> 2000 | G81: 1 | H81: =G81*F81 -> 2000 | I81: √ | J81: 1 | K81: 1 | L81: 1 | M81: =IF(AND(K81*L81*30*N81>H81/J81,I81=""),"לרכוש","לא לרכוש") -> לא לרכוש | N81: 1000 | P81: 4 | R81: =P81*L81*J81 -> 4 | S81: =IF(R81>$AA$8,IF(R81<$AA$9,$AB$9,$AB$10), $AB$8) -> 1 | T81: 1
A82: ='רשימת מכשור 2015'!A173 -> אלקטרודת PH | B82: ='רשימת מכשור 2015'!B173 -> Mettler Toledo | C82: ='רשימת מכשור 2015'!C173 -> inpro 3253i | D82: ='רשימת מכשור 2015'!D173 -> HARVST | E82: ='רשימת מכשור 2015'!E173 -> 1-1-27-PH-1 | F82: ='רשימת מכשור 2015'!F173 -> 1505 | G82: 1 | H82: =G82*F82 -> 1505 | I82: √ | J82: 3 | K82: 1 | L82: 1 | M82: =IF(AND(K82*L82*30*N82>H82/J82,I82=""),"לרכוש","לא לרכוש") -> לא לרכוש | N82: 1000 | P82: 5 | R82: =P82*L82*J82 -> 15 | S82: =IF(R82>$AA$8,IF(R82<$AA$9,$AB$9,$AB$10), $AB$8) -> 2 | T82: 2 | U82: ללא פעילות נוספת
A83: ='רשימת מכשור 2015'!A175 -> ברז (מפעיל) בקרה | B83: ='רשימת מכשור 2015'!B175 -> siemens | C83: ='רשימת מכשור 2015'!C175 -> GMA 161.9E | D83: ='רשימת מכשור 2015'!D175 -> PW פיילוט | E83: ='רשימת מכשור 2015'!E175 -> 1-TCV-1 | F83: ='רשימת מכשור 2015'!F175 -> 800 | G83: 1 | H83: =G83*F83 -> 800 | I83: √ | J83: 1 | K83: 0 | L83: 0.5 | M83: =IF(AND(K83*L83*30*N83>H83/J83,I83=""),"לרכוש","לא לרכוש") -> לא לרכוש | N83: 1000 | P83: 1 | R83: =P83*L83*J83 -> 0.5 | S83: =IF(R83>$AA$8,IF(R83<$AA$9,$AB$9,$AB$10), $AB$8) -> 1 | T83: 1
A84: ='רשימת מכשור 2015'!A176 -> משדר טמפרטורה | B84: ='רשימת מכשור 2015'!B176 -> Sensor: Elcon Transmitter: E+H | C84: ='רשימת מכשור 2015'!C176 -> Sensor: PT-100 TH-39 Transmitter:TMT 121 | D84: ='רשימת מכשור 2015'!D176 -> PW STORAGE 2500 | E84: ='רשימת מכשור 2015'!E176 -> 1-1-606-TE/TT-001 | F84: ='רשימת מכשור 2015'!F176 -> 1500 | G84: 1 | H84: =G84*F84 -> 1500 | I84: √ | J84: 1 | K84: 0 | L84: 1 | M84: =IF(AND(K84*L84*30*N84>H84/J84,I84=""),"לרכוש","לא לרכוש") -> לא לרכוש | N84: 1000 | P84: 3 | R84: =P84*L84*J84 -> 3 | S84: =IF(R84>$AA$8,IF(R84<$AA$9,$AB$9,$AB$10), $AB$8) -> 1 | T84: 1
A85: ='רשימת מכשור 2015'!A179 -> מפסק זרימה | B85: ='רשימת מכשור 2015'!B179 -> EGE | C85: ='רשימת מכשור 2015'!C179 -> ST-421-KH-A4 | D85: ='רשימת מכשור 2015'!D179 -> CLW | E85: ='רשימת מכשור 2015'!E179 -> 1-1-1-FS-1 | F85: ='רשימת מכשור 2015'!F179 -> 1500 | G85: 1 | H85: =G85*F85 -> 1500 | I85: √ | J85: 1 | K85: 1 | L85: 1 | M85: =IF(AND(K85*L85*30*N85>H85/J85,I85=""),"לרכוש","לא לרכוש") -> לא לרכוש | N85: 1000 | P85: 4 | R85: =P85*L85*J85 -> 4 | S85: =IF(R85>$AA$8,IF(R85<$AA$9,$AB$9,$AB$10), $AB$8) -> 1 | T85: 1
A86: ='רשימת מכשור 2015'!A183 -> משדר טמפרטורה | B86: ='רשימת מכשור 2015'!B183 -> E+H | C86: ='רשימת מכשור 2015'!C183 -> TMT 121 | D86: ='רשימת מכשור 2015'!D183 -> WFI-PRODUCTION/STORAGE | E86: ='רשימת מכשור 2015'!E183 -> 25-TT-1 | F86: ='רשימת מכשור 2015'!F183 -> 1500 | G86: 1 | H86: =G86*F86 -> 1500 | I86: √ | J86: 1 | K86: 1 | L86: 1 | M86: =IF(AND(K86*L86*30*N86>H86/J86,I86=""),"לרכוש","לא לרכוש") -> לא לרכוש | N86: 1000 | P86: 5 | R86: =P86*L86*J86 -> 5 | S86: =IF(R86>$AA$8,IF(R86<$AA$9,$AB$9,$AB$10), $AB$8) -> 1 | T86: 1
A87: ='רשימת מכשור 2015'!A185 -> ברז (מפעיל) בקרה | B87: ='רשימת מכשור 2015'!B185 -> Belimo | C87: ='רשימת מכשור 2015'!C185 -> NR C24A/SR | D87: ='רשימת מכשור 2015'!D185 -> WFI DISTRIBUTION | E87: ='רשימת מכשור 2015'!E185 -> 1-1-26-TCV-2 | F87: ='רשימת מכשור 2015'!F185 -> 1500 | G87: 1 | H87: =G87*F87 -> 1500 | J87: 1 | K87: 1 | L87: 1 | M87: =IF(AND(K87*L87*30*N87>H87/J87,I87=""),"לרכוש","לא לרכוש") -> לרכוש | N87: 1000 | P87: 15 | R87: =P87*L87*J87 -> 15 | S87: =IF(R87>$AA$8,IF(R87<$AA$9,$AB$9,$AB$10), $AB$8) -> 2 | T87: 2 | U87: לרכוש יחידה נוספת למלאי (1500 ₪ )
A88: ='רשימת מכשור 2015'!A187 -> מד ומשדר טמפ' | B88: ='רשימת מכשור 2015'!B187 -> E+H-משדר סנסור-מגטרון | C88: ='רשימת מכשור 2015'!C187 -> TMT122-משדר PT100-סנסור | D88: ='רשימת מכשור 2015'!D187 -> SW SYSTEM | E88: ='רשימת מכשור 2015'!E187 -> 1-1-2010-TI-513 | F88: ='רשימת מכשור 2015'!F187 -> 1500 | G88: 1 | H88: =G88*F88 -> 1500 | I88: √ | J88: 1 | K88: 1 | L88: 1 | M88: =IF(AND(K88*L88*30*N88>H88/J88,I88=""),"לרכוש","לא לרכוש") -> לא לרכוש | N88: 1000 | P88: 7 | R88: =P88*L88*J88 -> 7 | S88: =IF(R88>$AA$8,IF(R88<$AA$9,$AB$9,$AB$10), $AB$8) -> 1 | T88: 1
A89: ='רשימת מכשור 2015'!A188 -> LOAD CELL | B89: ='רשימת מכשור 2015'!B188 -> ZEMIC | C89: ='רשימת מכשור 2015'!C188 -> ZEMIC | D89: ='רשימת מכשור 2015'!D188 -> MEDIA PILOT | E89: ='רשימת מכשור 2015'!E188 -> 1-2-2-WC-1 | F89: ='רשימת מכשור 2015'!F188 -> 500 | G89: 1 | H89: =G89*F89 -> 500 | J89: 1 | K89: 1 | L89: 1 | M89: =IF(AND(K89*L89*30*N89>H89/J89,I89=""),"לרכוש","לא לרכוש") -> לרכוש | N89: 1000 | P89: 3 | R89: =P89*L89*J89 -> 3 | S89: =IF(R89>$AA$8,IF(R89<$AA$9,$AB$9,$AB$10), $AB$8) -> 1 | T89: 1
A90: ='רשימת מכשור 2015'!A189 -> LOAD CELL | B90: ='רשימת מכשור 2015'!B189 -> ZEMIC | C90: ='רשימת מכשור 2015'!C189 -> BM8H-C3-2.09-6B-6-AI (X3) | D90: ='רשימת מכשור 2015'!D189 -> MEDIA PILOT | E90: ='רשימת מכשור 2015'!E189 -> 1-2-2-W-1 | F90: ='רשימת מכשור 2015'!F189 -> 500 | G90: 1 | H90: =G90*F90 -> 500 | J90: 1 | K90: 1 | L90: 1 | M90: =IF(AND(K90*L90*30*N90>H90/J90,I90=""),"לרכוש","לא לרכוש") -> לרכוש | N90: 1000 | P90: 3 | R90: =P90*L90*J90 -> 3 | S90: =IF(R90>$AA$8,IF(R90<$AA$9,$AB$9,$AB$10), $AB$8) -> 1 | T90: 1
A91: ='רשימת מכשור 2015'!A195 -> ראש שקילה | B91: ='רשימת מכשור 2015'!B195 -> מאזני שקל | C91: ='רשימת מכשור 2015'!C195 -> מירב 4000 | D91: ='רשימת מכשור 2015'!D195 -> WH-B2 DEVICE MONITORING | E91: ='רשימת מכשור 2015'!E195 -> 1-2-2010-W-139 | F91: ='רשימת מכשור 2015'!F195 -> 1500 | G91: 1 | H91: =G91*F91 -> 1500 | I91: √ | J91: 1 | K91: 0 | L91: 1 | M91: =IF(AND(K91*L91*30*N91>H91/J91,I91=""),"לרכוש","לא לרכוש") -> לא לרכוש | N91: 1000 | P91: 4 | R91: =P91*L91*J91 -> 4 | S91: =IF(R91>$AA$8,IF(R91<$AA$9,$AB$9,$AB$10), $AB$8) -> 1 | T91: 1
A92: ='רשימת מכשור 2015'!A196 -> משדר נק' הטל | B92: ='רשימת מכשור 2015'!B196 -> COMET | C92: ='רשימת מכשור 2015'!C196 -> T0213 | D92: ='רשימת מכשור 2015'!D196 -> AHU-N01 | E92: ='רשימת מכשור 2015'!E196 -> 1-1-51005-DPTE-N01-01 | F92: ='רשימת מכשור 2015'!F196 -> 1500 | G92: 1 | H92: =G92*F92 -> 1500 | J92: 1 | K92: 1 | L92: 1 | M92: =IF(AND(K92*L92*30*N92>H92/J92,I92=""),"לרכוש","לא לרכוש") -> לרכוש | N92: 1000 | P92: 2 | R92: =P92*L92*J92 -> 2 | S92: =IF(R92>$AA$8,IF(R92<$AA$9,$AB$9,$AB$10), $AB$8) -> 1 | T92: 1
A93: ='רשימת מכשור 2015'!A198 -> משדר נקודת טל | B93: ='רשימת מכשור 2015'!B198 -> Rotronic | C93: ='רשימת מכשור 2015'!C198 -> HygroFlex | D93: ='רשימת מכשור 2015'!D198 -> Air Compressor | E93: ='רשימת מכשור 2015'!E198 -> 41001-DPT-2 | F93: ='רשימת מכשור 2015'!F198 -> 1500 | G93: 1 | H93: =G93*F93 -> 1500 | J93: 1 | K93: 1 | L93: 0.7 | M93: =IF(AND(K93*L93*30*N93>H93/J93,I93=""),"לרכוש","לא לרכוש") -> לרכוש | N93: 1000 | P93: 2 | R93: =P93*L93*J93 -> 1.4 | S93: =IF(R93>$AA$8,IF(R93<$AA$9,$AB$9,$AB$10), $AB$8) -> 1 | T93: 1
A94: ='רשימת מכשור 2015'!A200 -> מפסק גובה | B94: ='רשימת מכשור 2015'!B200 -> Custom Biogenic system | C94: ='רשימת מכשור 2015'!C200 -> LA-2B | D94: ='רשימת מכשור 2015'!D200 -> R&D | E94: ='רשימת מכשור 2015'!E200 -> 1-2-TA-33 | F94: ='רשימת מכשור 2015'!F200 -> 1500 | G94: 1 | H94: =G94*F94 -> 1500 | I94: √ | J94: 1 | K94: 1 | L94: 0.5 | M94: =IF(AND(K94*L94*30*N94>H94/J94,I94=""),"לרכוש","לא לרכוש") -> לא לרכוש | N94: 1000 | P94: 10 | R94: =P94*L94*J94 -> 5 | S94: =IF(R94>$AA$8,IF(R94<$AA$9,$AB$9,$AB$10), $AB$8) -> 1 | T94: 1
A95: ='רשימת מכשור 2015'!A211 -> משדר טמפרטורה | B95: ='רשימת מכשור 2015'!B211 -> WIKA | C95: ='רשימת מכשור 2015'!C211 -> T32.1S.01S-Z | D95: ='רשימת מכשור 2015'!D211 -> COLUMN 1 | E95: ='רשימת מכשור 2015'!E211 -> 1-1-144-TV-TT-2 | F95: ='רשימת מכשור 2015'!F211 -> 1500 | G95: 1 | H95: =G95*F95 -> 1500 | I95: √ | J95: 1 | K95: 1 | L95: 0.5 | M95: =IF(AND(K95*L95*30*N95>H95/J95,I95=""),"לרכוש","לא לרכוש") -> לא לרכוש | N95: 1000 | P95: 1 | R95: =P95*L95*J95 -> 0.5 | S95: =IF(R95>$AA$8,IF(R95<$AA$9,$AB$9,$AB$10), $AB$8) -> 1 | T95: 1
A96: ='רשימת מכשור 2015'!A212 -> משדר טמפרטורה | B96: ='רשימת מכשור 2015'!B212 -> Controtec. | C96: ='רשימת מכשור 2015'!C212 -> משדר+PT-100 | D96: ='רשימת מכשור 2015'!D212 -> COLUMN 1 | E96: ='רשימת מכשור 2015'!E212 -> 1-1-144-TV-TT-3 | F96: ='רשימת מכשור 2015'!F212 -> 1500 | G96: 1 | H96: =G96*F96 -> 1500 | J96: 1 | K96: 1 | L96: 0.5 | M96: =IF(AND(K96*L96*30*N96>H96/J96,I96=""),"לרכוש","לא לרכוש") -> לרכוש | N96: 1000 | P96: 4 | R96: =P96*L96*J96 -> 2 | S96: =IF(R96>$AA$8,IF(R96<$AA$9,$AB$9,$AB$10), $AB$8) -> 1 | T96: 1
A97: ='רשימת מכשור 2015'!A216 -> אלקטרודת PH | B97: ='רשימת מכשור 2015'!B216 -> Mettler Toledo | C97: ='רשימת מכשור 2015'!C216 -> inpro 3250 | D97: ='רשימת מכשור 2015'!D216 -> MEDIA | E97: ='רשימת מכשור 2015'!E216 -> 1-1-8-PH-1 | F97: ='רשימת מכשור 2015'!F216 -> 1467 | G97: 1 | H97: =G97*F97 -> 1467 | I97: √ | J97: 3 | K97: 1 | L97: 1 | M97: =IF(AND(K97*L97*30*N97>H97/J97,I97=""),"לרכוש","לא לרכוש") -> לא לרכוש | N97: 1000 | P97: 1 | R97: =P97*L97*J97 -> 3 | S97: =IF(R97>$AA$8,IF(R97<$AA$9,$AB$9,$AB$10), $AB$8) -> 1 | T97: 1
A98: ='רשימת מכשור 2015'!A217 -> מד טמפרטורה | B98: ='רשימת מכשור 2015'!B217 -> E+H | C98: ='רשימת מכשור 2015'!C217 -> Sensor: PT-100 Transmitter:TMT 121 | D98: ='רשימת מכשור 2015'!D217 -> PW PRETREAMENT 2500 | E98: ='רשימת מכשור 2015'!E217 -> 1-1-605-TT-002 | F98: ='רשימת מכשור 2015'!F217 -> 1200 | G98: 1 | H98: 1200 | I98: √ | J98: 1 | K98: 1 | L98: 1 | M98: =IF(AND(K98*L98*30*N98>H98/J98,I98=""),"לרכוש","לא לרכוש") -> לא לרכוש | N98: 1000 | P98: 2 | R98: =P98*L98*J98 -> 2 | S98: =IF(R98>$AA$8,IF(R98<$AA$9,$AB$9,$AB$10), $AB$8) -> 1 | T98: 1
A99: ='רשימת מכשור 2015'!A219 -> משדר לחץ | B99: ='רשימת מכשור 2015'!B219 -> ELCON | C99: ='רשימת מכשור 2015'!C219 -> 30.800G | D99: ='רשימת מכשור 2015'!D219 -> CLW | E99: ='רשימת מכשור 2015'!E219 -> 1-1-1-PC-1 | F99: ='רשימת מכשור 2015'!F219 -> 1200 | G99: 1 | H99: =G99*F99 -> 1200 | J99: 1 | K99: 1 | L99: 1 | M99: =IF(AND(K99*L99*30*N99>H99/J99,I99=""),"לרכוש","לא לרכוש") -> לרכוש | N99: 1000 | P99: 2 | R99: =P99*L99*J99 -> 2 | S99: =IF(R99>$AA$8,IF(R99<$AA$9,$AB$9,$AB$10), $AB$8) -> 1 | T99: 1
A100: ='רשימת מכשור 2015'!A221 -> משדר לחץ הפרשי | B100: ='רשימת מכשור 2015'!B221 -> Micatrone | C100: ='רשימת מכשור 2015'!C221 -> MF-P | D100: ='רשימת מכשור 2015'!D221 -> 51001-AHU-01 | E100: ='רשימת מכשור 2015'!E221 -> 1-1-51001-PDT-201 | F100: ='רשימת מכשור 2015'!F221 -> 1200 | G100: 1 | H100: =G100*F100 -> 1200 | I100: √ | J100: 1 | K100: 1 | L100: 1 | M100: =IF(AND(K100*L100*30*N100>H100/J100,I100=""),"לרכוש","לא לרכוש") -> לא לרכוש | N100: 1000 | P100: 60 | R100: =P100*L100*J100 -> 60 | S100: =IF(R100>$AA$8,IF(R100<$AA$9,$AB$9,$AB$10), $AB$8) -> 3 | T100: 2 | U100: למרות כמות היחידות הרבה המותקנות, המשדר בעל אמינות גבוהה מאוד לכן ממליץ להשאר עם שתי היחידות. קיימות במלאי 4 יחידות ולכן ממליץ בשתי הנותרות בהזדמנות הקרובה (1200 ₪)
A101: ='רשימת מכשור 2015'!A240 -> משדר טמפרטורה | B101: ='רשימת מכשור 2015'!B240 -> ROTRONIC | C101: ='רשימת מכשור 2015'!C240 -> Higroflex HF320-DB1XXXX | D101: ='רשימת מכשור 2015'!D240 -> AHU-1 PILOT | E101: ='רשימת מכשור 2015'!E240 -> 1-2-3-TIC-140 | F101: ='רשימת מכשור 2015'!F240 -> 1200 | G101: 1 | H101: =G101*F101 -> 1200 | I101: √ | J101: 1 | K101: 1 | L101: 0.5 | M101: =IF(AND(K101*L101*30*N101>H101/J101,I101=""),"לרכוש","לא לרכוש") -> לא לרכוש | N101: 1000 | P101: 6 | R101: =P101*L101*J101 -> 3 | S101: =IF(R101>$AA$8,IF(R101<$AA$9,$AB$9,$AB$10), $AB$8) -> 1 | T101: 1
...

Sheet רשימת מכשור לרכישה 
C2: רשימת חלקי חילוף מכשור לרכישה
B3: תיאור הציוד | C3: יצרן | D3: דגם | E3: מחיר ב₪ | F3: כמות נדרשת למלאי | G3: כמות מאותו דגם | H3: זמן אספקה (בחודשים) | I3: ציון משוקלל (זמן אספקה * מופעים * מחיר) | J3: עדיפות ע"פ ציון משוקלל | K3: הערה
B4: מפעיל לברז בקרה | C4: Belimo | D4: NR C24A/SR | E4: 1500 | F4: 1 | G4: 15 | H4: 0.5 | I4: =H4*G4*1/E4*10000 -> 50 | J4: 1 | K4: [תשתיות כללי]
B5: משדר לחץ | C5: E+H | D5: CERABAR M PMP46-RE13SBJPDGD | E5: 6000 | F5: 1 | G5: 8 | H5: 1 | I5: =H5*G5*1/E5*10000 -> 13.333333 | K5: [ייצור]קרוד,קציר , קולונות 2/3, קולונות 4/5, [תשתיות -5000] 133-PIC-1,2,6 מדי הלחץ משמשים להגנה על משאבות, מפסיקים את פעולת המשאבה. המשמעות היא שבמקרה של כשל תופסק העבודה בכל אחת מהמערכות הנ"ל
B6: מפעיל לברז בקרה | C6: Belimo | D6: NVG-24-MFT | E6: 1000 | F6: 1 | G6: 4 | H6: 0.5 | I6: =H6*G6*1/E6*10000 -> 20 | J6: 1 | K6: [תשתיות כללי] הדגם הוחלף לSV24A-SR-TPC , להזמין בצירוף מכתב שאין שינוי פונקציונאלי מהדגם הקודם
B7: מתמר טמפרטורה | C7: Controtec. | D7: משדר+PT-100 | E7: 1500 | F7: 1 | G7: 4 | H7: 0.5 | I7: =H7*G7*1/E7*10000 -> 13.333333 | J7: 1 | K7: [QC+יצור+פיילוט]
B8: מפסק לחץ הפרשי | C8: Dwyer | D8: ADPS-01 | E8: 250 | F8: 1 | G8: 4 | H8: 2.5 | I8: =H8*G8*1/E8*10000 -> 400 | J8: 3 | K8: [תשתיות כללי]
B9: מפסק לחץ הפרשי | C9: Beck. | D9: 930.83 | E9: 200 | F9: 1 | G9: 4 | H9: 3.5 | I9: =H9*G9*1/E9*10000 -> 700 | J9: 3 | K9: [תשתיות כללי] | L9: https://www.downloads.siemens.com/download-center/Download.aspx?pos=download&fct=getasset&id1=10861
B10: משדר לחץ | C10: ELCON | D10: ELCON | E10: 3000 | F10: 1 | G10: 3 | H10: 1 | I10: =H10*G10*1/E10*10000 -> 10 | J10: 1 | K10: [יצור]
B11: מפעיל לברז בקרה | C11: siemens | D11: ACVITEX SKD60 | E11: 1600 | F11: 1 | G11: 3 | H11: 0.5 | I11: =H11*G11*1/E11*10000 -> 9.375 | J11: 1 | K11: [פיילוט]
B12: מד לחות משולב | C12: ACI | D12: DU/RH5-D | E12: 1000 | F12: 1 | G12: 3 | H12: 9.5 | I12: =H12*G12*1/E12*10000 -> 285 | J12: 2 | K12: [תשתיות כללי]
B13: LOAD CELL | C13: TEDEA | D13: 3510 | E13: 1500 | F13: 1 | G13: 3 | H13: 1 | I13: =H13*G13*1/E13*10000 -> 20 | J13: 1 | K13: [יצור]
B14: מד טמפרטורה | C14: ELCON | D14: PT-100 TH-39 | E14: 500 | F14: 1 | G14: 2 | H14: 0.5 | I14: =H14*G14*1/E14*10000 -> 20 | J14: 1 | K14: [תשתיות כללי]
B15: מד לחץ | C15: ELCON | D15: 30.800G | E15: 1200 | F15: 1 | G15: 2 | H15: 1 | I15: =H15*G15*1/E15*10000 -> 16.666667 | J15: 1 | K15: [יצור]
B16: מפעיל לברז בקרה | C16: BELIMO | D16: LF24 | E16: 800 | F16: 1 | G16: 2 | H16: 0.5 | I16: =H16*G16*1/E16*10000 -> 12.5 | J16: 1 | K16: [תשתיות כללי]
B17: מפסק זרימה | C17: New Flow | D17: MF200 0.75" | E17: 2000 | F17: 1 | G17: 2 | H17: 1 | I17: =H17*G17*1/E17*10000 -> 10 | J17: 1 | K17: [תשתיות -5000]
B18: מד זרימה | C18: E+H | D18: Flowphant T DTT35-A1C111DB2AAB | E18: 3000 | F18: 1 | G18: 2 | H18: 1.5 | I18: =H18*G18*1/E18*10000 -> 10 | J18: 1 | K18: [תשתיות -5000]
B19: אלקטרודת רדוקס | C19: METTLER TOLEDO | D19: Sensor: Pt4805-DPA-SC-S8 Transmiter: ALPHA pH800 | E19: 3500 | F19: 1 | G19: 2 | H19: 1.5 | I19: =H19*G19*1/E19*10000 -> 8.5714286 | J19: 1 | K19: [תשתיות -2500]
B20: משדר לחץ הפרשי | C20: MICATRONE | D20: MF-P 0-1000PA | E20: 1200 | F20: 1 | G20: 2 | H20: 0.5 | I20: =H20*G20*1/E20*10000 -> 8.3333333 | J20: 1 | K20: [מחסן]
B21: מפסק גובה | C21: E+H ISRAEL | D21: E+H - FTL50H | E21: 4226 | F21: 1 | G21: 2 | H21: 1.5 | I21: =H21*G21*1/E21*10000 -> 7.0989115 | J21: 1 | K21: צנטריפוגה
B22: מד לחות משולב | C22: Rotronic | D22: HygroFlex | E22: 1500 | F22: 1 | G22: 2 | H22: 0.5 | I22: =H22*G22*1/E22*10000 -> 6.6666667 | J22: 1 | K22: [תשתיות כללי]
B23: מפעיל לברז בקרה | C23: SIEMENS | D23: ACVITEX SQX62 | E23: 2000 | F23: 1 | G23: 2 | H23: 0.5 | I23: =H23*G23*1/E23*10000 -> 5 | J23: 2 | K23: [תשתיות כללי]
B24: מד לחות משולב | C24: COMET | D24: T0213 | E24: 1500 | F24: 1 | G24: 2 | H24: 1.5 | I24: =H24*G24*1/E24*10000 -> 20 | J24: 3 | K24: [תשתיות כללי]
B25: מפעיל לברז בקרה | C25: KAMA | D25: PF KFD2-UFC-1.D | E25: 2500 | F25: 1 | G25: 2 | H25: 7.5 | I25: =H25*G25*1/E25*10000 -> 60 | J25: 2 | K25: [יצור]
B26: מד לחות משולב | C26: Autonics | D26: RH+T | E26: 1200 | F26: 1 | G26: 2 | H26: 8.5 | I26: =H26*G26*1/E26*10000 -> 141.66667 | J26: 2 | K26: [תשתיות כללי]
B27: מד מפלס | C27: E+H | D27: LIQUCAP M FMI52-A1ATJJA1A1A | E27: 4850 | F27: 1 | G27: 2 | H27: 10.5 | I27: =H27*G27*1/E27*10000 -> 43.298969 | K27: [תשתיות כללי]
B28: מד זרימה | C28: ABB ISRAEL | D28: ABB - FEH311 | E28: 9133 | F28: 1 | G28: 2 | H28: 0.5 | I28: =H28*G28*1/E28*10000 -> 1.0949305 | J28: 2 | K28: [ייצור] עצירת צינטרפוגה. המשמעות היא שבמקרה של כשל תופסק העבודה בצנטריפוגה
B29: מד מפלס | C29: E+H | D29: MICROPILOT M FMR245-AETEJAA2AA | E29: 12000 | F29: 1 | G29: 2 | H29: 1 | I29: =H29*G29*1/E29*10000 -> 1.6666667 | J29: 2 | K29: [תשתיות -CIP] לא תתפשר עבודה עם ומול מיכלי NaOH 141 ו 5 (מיכל NaOH מרוכז -מיכל NaOH המכיל תמיסה מדוללת). המשמעות היא שלא ניתן יהיה להכין תמיסת NaOH לטובת CIP ביצור ולכן לא ניתן יהיה לבצע CIP
B30: מד מפלס | C30: E+H | D30: LIQUICAP M FMI52-A1BTDJA2A1A | E30: 6864 | F30: 1 | G30: 2 | H30: 1 | I30: =H30*G30*1/E28*10000 -> 2.1898609 | J30: 2 | K30: [תשתיות -CIP] CLW HSWלא תתאפשר עבודה עם ומול המיכלים 1-1-1-LC-1 1-1-57-LC-1. המשמעות היא שלא ניתן יהיה להכין HSW או תמיסת NaOH לטובת CIP ביצור ולכן לא ניתן יהיה לבצע CIP
B31: מפסק לחץ | C31: SMC | D31: ISE 30 | E31: 300 | F31: 1 | G31: 1 | H31: 0.5 | I31: =H31*G31*1/E31*10000 -> 16.666667 | J31: 1 | K31: [תשתיות כללי]דגם SMC ISE40-01-62L תחום:-0.100-1.000MPA
B32: מפסק לחץ | C32: FESTO ISRAEL | D32: FESTO - MODEL:c172 | E32: 600 | F32: 1 | G32: 1 | H32: 1 | I32: =H32*G32*1/E32*10000 -> 16.666667 | J32: 1 | K32: [תשתיות -5000]FESTO 529027 C172 (SDE5 D10-FP-Q6E-P-K
B33: משדר טמפרטורה | C33: SIEMENS | D33: QAE 2120-010 | E33: 600 | F33: 1 | G33: 1 | H33: 1 | I33: =H33*G33*1/E33*10000 -> 16.666667 | J33: 1 | K33: [תשתיות -אוויר דחוס] QAE2120.010 Including protection pocket with threaded nipple G ½ A 100 mm PN 10 LG-Ni 1000 IP42 (IP54) 2)
B34: סולונואיד (מאפשר לחץ אוויר בלוח) | C34: FESTO ISRAEL | D34: FESTO MODEL:MFH-5-1/4-5 | E34: 600 | F34: 1 | G34: 1 | H34: 1 | I34: =H34*G34*1/E34*10000 -> 16.666667 | J34: 1 | K34: [יצור]
B35: משדר טמפרטורה | C35: Controtec. | D35: משדר+PT-100 ס"מ ראש ת | E35: 500 | F35: 1 | G35: 1 | H35: 0.5 | I35: =H35*G35*1/E35*10000 -> 10 | J35: 1 | K35: [תשתיות -5000]
B36: מד טמפרטורה | C36: Controtec. | D36: PT-100 ס"מ 3 | E36: 500 | F36: 1 | G36: 1 | H36: 0.5 | I36: =H36*G36*1/E36*10000 -> 10 | J36: 1 | K36: [תשתיות+יצור+פילוט] מספר מופעים במפעל
B37: מד טמפרטורה | C37: Controtec. | D37: PT-100 ס"מ 4 | E37: 500 | F37: 1 | G37: 1 | H37: 0.5 | I37: =H37*G37*1/E37*10000 -> 10 | J37: 1 | K37: [תשתיות+יצור+פילוט] מספר מופעים במפעל
B38: מד טמפרטורה | C38: Controtec. | D38: PT-100 ס"מ 5 | E38: 500 | F38: 1 | G38: 1 | H38: 0.5 | I38: =H38*G38*1/E38*10000 -> 10 | J38: 1 | K38: [תשתיות+יצור+פילוט] מספר מופעים במפעל
B39: מד טמפרטורה | C39: Controtec. | D39: PT-100 ס"מ 6 | E39: 500 | F39: 1 | G39: 1 | H39: 0.5 | I39: =H39*G39*1/E39*10000 -> 10 | J39: 1 | K39: [תשתיות+יצור+פילוט] מספר מופעים במפעל
B40: מד טמפרטורה | C40: Controtec. | D40: PT-100 ס"מ 7 | E40: 500 | F40: 1 | G40: 1 | H40: 0.5 | I40: =H40*G40*1/E40*10000 -> 10 | J40: 1 | K40: [תשתיות+יצור+פילוט] מספר מופעים במפעל
B41: מד טמפרטורה | C41: Controtec. | D41: PT-100 ס"מ 8 | E41: 500 | F41: 1 | G41: 1 | H41: 0.5 | I41: =H41*G41*1/E41*10000 -> 10 | J41: 1 | K41: [תשתיות+יצור+פילוט] מספר מופעים במפעל
B42: מד טמפרטורה | C42: Controtec | D42: PT-100 ס"מ 9 | E42: 500 | F42: 1 | G42: 1 | H42: 0.5 | I42: =H42*G42*1/E42*10000 -> 10 | J42: 1 | K42: [תשתיות+יצור+פילוט] מספר מופעים במפעל
... B59: מפסק לחץ | C59: DANFUSS | D59: DANFUSS | E59: 1000 | F59: 1 | G59: 1 | H59: 0.5 | I59: =H59*G59*1/E59*10000 -> 5 | J59: 2 | K59: [תשתיות -2500]
B60: מד מפלס | C60: ELCON/BD sensors | D60: 18.605 | E60: 2000 | F60: 1 | G60: 1 | H60: 1 | I60: =H60*G60*1/E60*10000 -> 5 | J60: 2 | K60: [תשתיות -5000]
B61: מד לחות משולב | C61: Rotronic | D61: Hygroflex | E61: 1200 | F61: 1 | G61: 1 | H61: 0.5 | I61: =H61*G61*1/E61*10000 -> 4.1666667 | J61: 2 | K61: [תשתיות כללי]
B62: מפסק זרימה | C62: NEW FLOW | D62: MF-200 1/2" NPT F32A5005 | E62: 2500 | F62: 1 | G62: 1 | H62: 1 | I62: =H62*G62*1/E62*10000 -> 4 | J62: 2 | K62: [תשתיות -5000]
B63: מפסק גובה | C63: E+H | D63: LIQUIPHANT M FL50 | E63: 4000 | F63: 1 | G63: 1 | H63: 1.5 | I63: =H63*G63*1/E63*10000 -> 3.75 | J63: 2 | K63: [יצור] לחכות לתוצאות הבדיקה של בן צור עם האלקטרוניקה שלקח -קבלנו בחזרה! בתאריך 28/3/2016 קבלנו חדש שלם PROFIBUS
B64: מפסק זרימה | C64: siemens | D64: 0155 02A | E64: 3000 | F64: 1 | G64: 1 | H64: 1 | I64: =H64*G64*1/E64*10000 -> 3.3333333 | J64: 2 | K64: [תשתיות כללי]
B65: מפסק מפלס | C65: COR | D65: COR | E65: 2000 | F65: 1 | G65: 1 | H65: 0.5 | I65: =H65*G65*1/E65*10000 -> 2.5 | J65: 2 | K65: מצוף המורכב מ-3 מתגים [WFI] המצוף יוזמן ממנורז
B66: מד מפלס | C66: MADID/noga | D66: FL52L | E66: 2000 | F66: 1 | G66: 1 | H66: 0.5 | I66: =H66*G66*1/E66*10000 -> 2.5 | J66: 2 | K66: [תשתיות -2500]
B67: אלקטרודת מוליכות | C67: THORNTON | D67: 58 031 234 | E67: 4200 | F67: 1 | G67: 1 | H67: 1 | I67: =H67*G67*1/E67*10000 -> 2.3809524 | J67: 2 | K67: [פיילוט]
B68: מד מפלס | C68: מדיד | D68: FL052L | E68: 2500 | F68: 1 | G68: 1 | H68: 0.5 | I68: =H68*G68*1/E68*10000 -> 2 | J68: 2 | K68: [PW פיילוט] | L68: נשלחה הזמנה ל e+h
B69: מד מפלס | C69: milan | D69: מצוף רציף | E69: 2500 | F69: 1 | G69: 1 | H69: 0.5 | I69: =H69*G69*1/E69*10000 -> 2 | J69: 2 | K69: [תשתיות -2500]
B70: מד מפלס | C70: milan | D70: מצוף | E70: 3000 | F70: 1 | G70: 1 | H70: 0.5 | I70: =H70*G70*1/E70*10000 -> 1.6666667 | J70: 2 | K70: [פיילוט]
B71: מד מהירות | C71: p+f | D71: KFD2-UFC-EX1.D | E71: 4500 | F71: 1 | G71: 1 | H71: 6.5 | I71: =H71*G71*1/E71*10000 -> 14.444444 | J71: 2 | K71: [יצור]
B72: סעפת 20 ברז (מפעיל)ים | C72: FESTO ISRAEL | D72: FESTO | E72: 4900 | F72: 1 | G72: 1 | H72: 11.5 | I72: =H72*G72*1/E72*10000 -> 23.469388 | K72: [יצור]
B73: מד רעידות | C73: GEAיצור עצמי | D73: HW - sensor messtechnik pch | E73: 6615 | F73: 1 | G73: 1 | H73: 1.2 | I73: =H73*G73*1/E73*10000 -> 1.814059 | J73: 2 | K73: [ייצור] עצירת צינטרפוגה. המשמעות היא שבמקרה של כשל תופסק העבודה בצנטריפוגה
B74: מד מפלס | C74: E+H | D74: LEVELFLEX M FMP43-AS5TDJB21A2B | E74: 11600 | F74: 1 | G74: 1 | H74: 1 | I74: =H74*G74*1/E73*10000 -> 1.5117158 | J74: 2 | K74: WFI-PRODUCTION/STORAGE לא תתאפשר עבודה עם ומול מיכל 25-LT-001. המשמעות היא שהמערכת שמייצרת ומספקת WFI לא תוכל להמשיך לעבוד
B75: מד מפלס | C75: E+H | D75: LEVELFLEX M FMP41C-AATDKB21A2A | E75: 11600 | F75: 1 | G75: 1 | H75: 1 | I75: =H75*G75*1/E74*10000 -> 0.86206897 | J75: 2 | K75: [תשתיות -5000] SW SYSTEM 1-1-132-LIC-1 לא תתאפשר עבודה עם ומול מיכל זה. המשמעות היא שמערכת PW 5000 לא תוכל לעבוד
B76: רגש מוליכות/טמפ | C76: Thermo scientific/EUROCH | D76: EC-CS10-0-1S | E76: 1540 | F76: 1 | K76: עבור 604-CIT-001 604-CIT-002

Sheet מכשור וציוד בקרה מלאי חח
F2: רשימת חלקי חילוף מכשור ובקרה במלאי
B4: # | C4: תיאור פריט | D4: מכשור או ציוד? MGCON or MGINS | E4: תיאור באנגלית | F4: דגם/שם | G4: ספק 1 | H4: ספק 2 | I4: יצרן | J4: מק"ט יצרן/מספר הזמנה/Item Order code and Part number | K4: הערכת מחיר ב₪ | L4: כמות במלאי | M4: מלאי מינימום | N4: מיקום פריט | O4: דף טכני/מידע טכני | P4: הערות
B5: 1 | C5: TOC | F5: 5000 | I5: THORNTON | K5: 50000 | L5: 0 | P5: פרויקט TOC
B6: 2 | C6: מנורת UV TOC | F6: 58079513 | I6: THORNTON | K6: 2000 | L6: 3
B7: 3 | C7: ספק כח מנורת UV | F7: 58091518 | I7: THORNTON | K7: 800 | L7: 3
B8: 4 | C8: סליל דגימה | F8: 58079518 | I8: THORNTON | K8: 500 | L8: 1
B9: 1 | C9: מתמר, משדר רב ערוצי | D9: INS | E9: Analyzer/Transmitter Multiparameter | F9: THORNTON 770MAX | G9: מודקון | I9: METTLER TOLEDO | J9: 770MAX | K9: 10000 | L9: 2 | N9: מחסן בקרה | O9: https://www.mt.com/dam/MTPRO/PDF/BA/BA_THO_770MAX_Transmitter_EN_OM84372J.pdf
E10: Analyzer/Transmitter
B11: 7 | C11: מתמר לחץ | F11: D800AB0112A | I11: Carabar M | K11: 6000 | L11: 1
B13: 9 | C13: מתמר לחץ | F13: PBMH 25B72RA14481202000 | I13: Baumer | K13: 5000 | L13: 1 | P13: מזקקת
B14: 10 | C14: LOAD CELL | F14: 3410 | I14: TEDEA | K14: 1500 | L14: 3
B15: 12 | C15: מתמר PH | F15: PH-2100e | G15: מודקון | I15: METTLER TOLEDO | K15: 4000 | L15: 1 | N15: מחסן בקרה | P15: משומש פורק לא שמיש
B16: 13 | C16: אלקטרודת מוליכות | F16: Inpro 7108 1.5"TC 5200800 | G16: מודקון | I16: METTLER TOLEDO | K16: 4000 | L16: 4 | N16: כיולים | P16: באחריות צוות כיול
B17: 14 | C17: אלקטרודת מוליכות | F17: 233E223 | G17: מודקון | I17: METTLER TOLEDO | K17: 3500 | L17: 2 | P17: באחריות צוות כיול
B18: 15 | C18: אלקטרודת מוליכות | F18: Alpha COND 500 2-wire Conductivity Transmitter TSCONCTP0500 | I18: EUTECH INSTRUMENT Thermo SCIENTIFIC | K18: 2000 | L18: 1 | N18: מחסן בקרה
B19: 16 | C19: מתמר מוליכות | F19: Alpha pH500 2-wire pH/ORP Transmitter TSPHCTP0500 | I19: EUTECH INSTRUMENT Thermo SCIENTIFIC | K19: 1862 | L19: 2 | N19: מחסן בקרה
B20: 219 | C20: בקר פנל SIEMENS Axima צ'ילרים | D20: CON | E20: Touch Panel | F20: TP177B PN/DP-6 CSTH | G20: Contel | H20: ד.סער | I20: SIEMENS | J20: 6AV6642-0BA01-1AX1 | L20: 1 | M20: 1 | N20: מחסן בקרה | O20: https://support.industry.siemens.com/cs/products/6av6642-0ba01-1ax1/tp177b-6-pn-dp-color?pid=402682&mlfb=6AV6642-0BA01-1AX1&mfn=ps&lc=en-WW | P20: נקלט
B21: 18 | C21: אלקטרודת PH | F21: Inpro 3253/120/PT100 pH2100 | G21: מודקון | I21: METTLER TOLEDO | K21: 2000 | L21: 1 | N21: כיולים | P21: באחריות צוות כיול
B22: 20 | C22: אלקטרודת PH | F22: InPro 3253i/SG/120 | G22: מודקון | I22: METTLER TOLEDO | K22: 1505 | L22: N/A | N22: כיולים | P22: באחריות צוות כיול
B23: 22 | C23: מפסק זרימה | F23: Flow sensor ST 4211 KH-A4 | G23: United | I23: EGE | J23: P10437 | K23: 1500 | L23: 1 | N23: מחסן בקרה
B24: 23 | C24: מפסק גובה | F24: LA-2B | I24: Custom Biogenic system | K24: 1500 | L24: 1
B25: 24 | C25: אלקטרודת PH | F25: InPro 3250i/SG/120 | G25: מודקון | I25: METTLER TOLEDO | K25: 1820 | L25: N/A | N25: כיולים | P25: באחריות צוות כיול
B26: 25 | C26: אלקטרודת PH | F26: InPro 3250/120/PT100 | G26: מודקון | I26: METTLER TOLEDO | K26: 1467 | L26: N/A | N26: כיולים | P26: באחריות צוות כיול
B27: 2 | C27: מתמר טמפרטורה | D27: INS | E27: Temperature, Transmitter | F27: TMT121 | G27: אינסטרומטריקס | I27: E+H | J27: iTemp-A31BB | K27: 770 | L27: 1 | N27: מחסן בקרה | O27: https://www.afs.endress.com/en/search?filter.text=P50409041C0&ii-country=il | P27: נקלט
B28: 3 | C28: מתמר לחץ הפרשי | D28: INS | E28: Pressure Transmitter | F28: MF-P 50PA | G28: controtec | H28: N/A | I28: Micatrone | J28: P/N: 60-5420-11 | K28: 1200 | L28: 4 | M28: 2 | N28: מחסן בקרה | O28: https://controtec-ltd.com/%D7%A8%D7%92%D7%A9-%D7%9C%D7%97%D7%A5-%D7%90%D7%95%D7%95%D7%99%D7%A8-%D7%94%D7%A4%D7%A8%D7%A9%D7%99-%D7%AA%D7%A2%D7%A9%D7%99%D7%99%D7%AA%D7%99-%D7%93%D7%99%D7%92%D7%99%D7%98%D7%9C%D7%99 | P28: נקלט
C29: מתמר לחץ הפרשי | D29: INS | E29: Pressure Transmitter | F29: MF-PD 100PA | G29: controtec | H29: N/A | I29: Micatrone | J29: P/N: 60-5426-11 | K29: 1400 | L29: 1 | M29: 1 | N29: מחסן בקרה | O29: https://controtec-ltd.com/%D7%A8%D7%92%D7%A9-%D7%9C%D7%97%D7%A5-%D7%90%D7%95%D7%95%D7%99%D7%A8-%D7%94%D7%A4%D7%A8%D7%A9%D7%99-%D7%AA%D7%A2%D7%A9%D7%99%D7%99%D7%AA%D7%99-%D7%93%D7%99%D7%92%D7%99%D7%98%D7%9C%D7%99 | P29: נקלט
C30: מתמר לחץ הפרשי | D30: INS | E30: Pressure Transmitter | F30: MF-P 30PA | G30: controtec | H30: N/A | I30: Micatrone | J30: P/N: 60-5420-10 | K30: 1200 | L30: 1 | M30: 1 | N30: מחסן בקרה | O30: https://controtec-ltd.com/%D7%A8%D7%92%D7%A9-%D7%9C%D7%97%D7%A5-%D7%90%D7%95%D7%95%D7%99%D7%A8-%D7%94%D7%A4%D7%A8%D7%A9%D7%99-%D7%AA%D7%A2%D7%A9%D7%99%D7%99%D7%AA%D7%99-%D7%93%D7%99%D7%92%D7%99%D7%98%D7%9C%D7%99 | P30: נקלט
C31: מתמר לחץ הפרשי | D31: INS | E31: Pressure Transmitter | F31: MF-P 1000PA | G31: controtec | H31: N/A | I31: Micatrone | J31: P/N: 60-5426-15 | K31: 1200 | L31: 2 | M31: 2 | N31: מחסן בקרה | O31: https://controtec-ltd.com/%D7%A8%D7%92%D7%A9-%D7%9C%D7%97%D7%A5-%D7%90%D7%95%D7%95%D7%99%D7%A8-%D7%94%D7%A4%D7%A8%D7%A9%D7%99-%D7%AA%D7%A2%D7%A9%D7%99%D7%99%D7%AA%D7%99-%D7%93%D7%99%D7%92%D7%99%D7%98%D7%9C%D7%99 | P31: נקלט
B32: 28 | C32: מתמר לחץ הפרשי | D32: INS | E32: Pressure Transmitter | F32: MF-P 100PA | G32: controtec | H32: N/A | I32: Micatrone | J32: P/N: 60-5420-11 | K32: 1200 | L32: 2 | M32: 2 | N32: מחסן בקרה | O32: https://controtec-ltd.com/%D7%A8%D7%92%D7%A9-%D7%9C%D7%97%D7%A5-%D7%90%D7%95%D7%95%D7%99%D7%A8-%D7%94%D7%A4%D7%A8%D7%A9%D7%99-%D7%AA%D7%A2%D7%A9%D7%99%D7%99%D7%AA%D7%99-%D7%93%D7%99%D7%92%D7%99%D7%98%D7%9C%D7%99 | P32: נקלט
B33: 29 | C33: מתמר לחץ הפרשי | D33: INS | E33: Pressure Transmitter | F33: MF-P 500PA | G33: controtec | H33: N/A | I33: Micatrone | J33: P/N: 60-5420-14 | K33: 1200 | L33: 1 | M33: 1 | N33: מחסן בקרה | O33: https://controtec-ltd.com/%D7%A8%D7%92%D7%A9-%D7%9C%D7%97%D7%A5-%D7%90%D7%95%D7%95%D7%99%D7%A8-%D7%94%D7%A4%D7%A8%D7%A9%D7%99-%D7%AA%D7%A2%D7%A9%D7%99%D7%99%D7%AA%D7%99-%D7%93%D7%99%D7%92%D7%99%D7%98%D7%9C%D7%99 | P33: נקלט
B34: 30 | C34: משדר מודד לחות יחסית, טמפרטורה ונקודת טל תעלה. | D34: INS | E34: Measures relative humidity, temperature and dew point | F34: HF5 Duct version | G34: Madid | H34: Conrotec | I34: ROTRONIC | J34: HF532-DB1XD1XX | K34: 2700 | L34: 1 | M34: 1 | N34: מחסן בקרה | O34: https://www.processsensing.com/en-us/products/hygroflex5-hf5-high-precision-transmitter.htm
B35: 31 | C35: משדר מודד לחות יחסית, טמפרטורה ונקודת טל קיר. | D35: INS | E35: Measures relative humidity, temperature and dew point | F35: HF5 Wall version | G35: Madid | H35: Conrotec | I35: ROTRONIC | J35: HF532-WB1XD1XX | K35: 2700 | L35: 3 | M35: 1 | N35: מחסן בקרה | O35: https://www.processsensing.com/en-us/products/hygroflex5-hf5-high-precision-transmitter.htm#
B36: 32 | C36: משדר מודד טמפרטורה קיר. | D36: INS | E36: Measures temperature | F36: TF5 Wall version | G36: Madid | I36: ROTRONIC | J36: TF532-WT1XD1 | K36: 2500 | L36: 1 | M36: 1 | N36: מחסן בקרה | O36: https://www.processsensing.com/en-us/products/temperature-transmitter-rotronic-tf5.htm
B37: 33 | C37: סנסר לחות טמפרטורה ונקודת טל של HF5 | D37: INS | E37: Humidity probe from HF5 | F37: HygroClip 2HC2A-S | G37: Madid | H37: Conrotec | I37: ROTRONIC | J37: HC2A-S | K37: 950 | L37: 2 | N37: מחסן בקרה | O37: https://www.processsensing.com/en-us/products/humidity-probes-hc2a-s-sh-hh.htm
B38: 34 | C38: משדר לחות טמפרטורה דקורטיבי לחדר | D38: INS | E38: Décor temperature humidity tramsmitter for the room | F38: HF332-SB1XD1XX | G38: Madid | I38: ROTRONIC | J38: HF332-SB1XD1XX | K38: 1960 | L38: 2 | N38: מחסן בקרה | O38: https://www.processsensing.com/en-us/products/hygroflex3-hf3-hvac-transmitter-humidity-temperature-measurement.htm
B39: 35 | C39: מד ספיקה | F39: M20 REED-SWITCH | I39: ARAD DALIA | K39: 1000 | L39: 1 | P39: נמצא במחסן אחזקה גג
B40: 36 | C40: מתמר זרימה | F40: m40 | I40: arad dalia | K40: 1000 | L40: 1 | P40: נמצא במחסן אחזקה גג
B41: 37 | C41: מתמר זרימה | F41: m25 | I41: arad dalia | K41: 1000 | L41: 1 | P41: נמצא במחסן אחזקה גג
B42: 38 | C42: מתמר לחץ הפרשי | F42: LPseries | I42: ACI | K42: 1000 | L42: 1
B43: 39 | C43: מתמר טמפרטורה לפס DIN | F43: T32.3S.ONI-Z | G43: טכנו מד | I43: WIKA | L43: 1 | N43: מחסן בקרה
B44: 40 | C44: מתמר טמפרטורה לפס DIN | F44: T32.3S.ONI-Z | G44: טכנו מד | I44: WIKA | L44: 1 | N44: מחסן בקרה
B45: 41 | C45: מתמר טמפרטורה | F45: A/RH2 | I45: ACI | K45: 800 | L45: 1
B46: 42 | C46: מתמר טמפרטורה | F46: CATIC - TT321 | I46: FRIGOR | K46: 800 | L46: 1
B47: 43 | C47: מתמר טמפרטורה | F47: PT100 TH | I47: Mescon | K47: 800 | L47: 1
B48: 44 | C48: אינקודר | F48: E50S8-500-3-T-24 | I48: Autonics | K48: 800 | L48: 3
B49: 45 | C49: מפסק לחץ | F49: 81 513 552 | I49: crouzet | K49: 500 | L49: 1
B50: 46 | C50: מפסק זרימה | F50: עלה | I50: johnson control | K50: 400 | L50: 1
B51: 47 | C51: מפסק לחץ הפרשי | F51: 930.83 | I51: Beck | K51: 300 | L51: 1
B52: 48 | C52: ראש שקילה | F52: MP-10P-03-F3 | I52: Mindman | K52: 300 | L52: 1
B53: 49 | C53: צג לחץ | F53: MDI-CDC-LCD | I53: MEGATRON | K53: 250 | L53: 2
B54: 50 | C54: צג לחץ הפרשי | F54: ACI/LCD 4-20mA | I54: ACI | K54: 250 | L54: 1
B55: 51 | C55: מפסק לחץ הפרשי | F55: ADPS-03 | I55: Dwyer | K55: 250 | L55: 1
B56: 52 | C56: מפסק זרימה | F56: 930.80 | I56: Beck. | K56: 250 | L56: 1
B57: 53 | C57: גשש קירבה | F57: PR18-5DP | I57: Autonics | K57: 250 | L57: 1
B58: 54 | C58: מפסק לחץ הפרשי | F58: ADPS-01 | I58: Dwyer | K58: 250 | L58: 1
B59: 55 | C59: גשש קירבה | F59: IME12-04BPSZC0S | G59: סיק ישראל | I59: SICK | K59: 250 | L59: 3
B60: 56 | C60: מפסק מפלס נמוך | F60: מצוף עמיד בכימיקלים | I60: GES | K60: 200 | L60: 1 | P60: מיכל כלור
B61: 57 | C61: סולונואיד | F61: 3/2 SQ1A31N | G61: בקרה | I61: SMC | K61: 150 | L61: 5
B62: 58 | C62: ממסר 24Vdc | F62: MRS24Vdc | I62: WEIMULLER | K62: 40 | L62: 10
B63: 59 | C63: ממסר 24Vdc | F63: G2R-1-SNI | I63: OMRON | K63: 150 | L63: 4
B64: 60 | C64: מד מסה | F64: H100S138NQBZEZZZZ+1700R12ABZEZZZ | I64: MICRO MOSHION | K64: 46000 | L64: 1 | P64: הוזמן עבור הפיילוט (פרויקט בוטל)נמצא במחסן אחזקה גג
B65: 61 | C65: מד לחץ | F65: 1.5" חיבור אחורי 1/8 0-4באר | G65: בקרה | K65: 200 | L65: 2
B66: 62 | C66: מד לחץ | F66: 1.5" חיבור אחורי 1/8 0-10באר | G66: בקרה | K66: 200 | L66: 2
B67: 63 | C67: מד לחץ | F67: 1.5" חיבור אחורי 1/8 - 0.. ..1-באר | G67: בקרה | K67: 200 | L67: 1
B68: 64 | C68: מד לחץ | F68: 1.5tri-clamp 0-6bar | I68: מדיד | K68: 1000 | L68: 5
B69: 65 | C69: מד לחץ | F69: 1.5tri-clamp 0-10bar | I69: מדיד | K69: 1000 | L69: 5
B70: 66 | C70: בית זרימה לאלקטרודת כלור | D70: INS | E70: Flowfit | F70: FLOWFIT-W CCA250 | G70: אינסטרומטריקס | I70: E+H | J70: CCA250-A0 | K70: 8000 | L70: 2 | M70: 1 | N70: מחסן בקרה | O70: https://www.afs.endress.com/en/search?filter.text=CCA250-A0 | P70: נקלט
B71: 67 | C71: סעפת אוויר | F71: 3/212 סולונואידים כפולים | G71: בקרה | I71: SMC | K71: 3500 | L71: 1
B72: 68 | C72: מפעיל לברז בקרה | F72: LR24A-SR | I72: BELIMO | K72: 1200 | L72: 1 | N72: מחסן בקרה
B73: 69 | C73: מפעיל לברז בקרה | F73: LF24-SR | I73: BELIMO | K73: 1200 | L73: 2 | N73: מחסן בקרה
B74: 70 | C74: מפעיל לברז בקרה | F74: NF24A | I74: BELIMO | K74: 1200 | L74: 1 | N74: מחסן בקרה | P74: דמפר אש
C75: מסך מגע | D75: CON | E75: Simatic HMI | F75: TP177B PN/DP | G75: Contel | H75: ד.סער | I75: SIEMENS | J75: 6AV6642-0BA01-1AX1 | L75: 1 | M75: 1 | N75: מחסן בקרה | O75: https://adegis.com/media/asset/2994d077cc61cc49def56517688146967759f31e0efa29238b8a739538296436.pdf | P75: for Axima Chiller נקלט
B76: 72 | C76: מתמר טמפרטורה ולחות בצורה צינור 150מ"מ | D76: INS | E76: Temperature and humidity duct probe 150mm | F76: T0213 | G76: electric industries itd | I76: COMET | J76: T0213 | K76: 1200 | L76: 1 | N76: מחסן בקרה | O76: https://www.cometsystem.com/products/temperature-and-humidity-duct-probe-with-0-10v-output/reg-t0213
B77: 73 | C77: מפסק זרימה | F77: FKS-141 | I77: Anderson-Negele | J77: 110001448353/001 | K77: 3000 | L77: 1 | N77: מחסן בקרה
C78: בית זרימה לאלקטרודת כלור | D78: INS | E78: Flowfit | F78: Flowfit CCA151 | G78: אינסטרומטריקס | I78: E+H | J78: CCA151 | K78: 3000 | L78: 1 | N78: מחסן בקרה | O78: https://www.afs.endress.com/en/field-instruments-overview/liquid-analysis-product-overview/Disinfection-assembly-cca151?t.tabId=product-overview | P78: נקלט
B79: 75 | C79: אלקטרודת מוליכות | F79: Inpro7100/12/425/4435 | G79: מודקון | I79: METTLER TOLEDO | K79: 4500 | L79: N/A | N79: כיולים | P79: באחריות צוות כיול
C80: בקר סימנס 300 ראשי | D80: CON | E80: Central Processing Unit | F80: Simatic S7-300 | G80: Contel | I80: SIEMENS | J80: 6ES7 314-6BH04-0AB0 | L80: 1 | M80: 1 | N80: מחסן בקרה | O80: https://mall.industry.siemens.com/mall/en/ww/Catalog/Product/6ES7314-6BH04-0AB0 | P80: נקלט
B81: 78 | C81: סולונואיד | D81: INS | E81: Solenoid valve | F81: MFH-5-1/4 | G81: festo israel | I81: FESTO | J81: 6211 | K81: 600 | L81: 1 | N81: מחסן בקרה | O81: https://www.festo.com/gb/en/a/6211/?q=6211%7E%3AfestoSortOrderScored
B82: 79 | C82: תת-בסיס של סעפת TCP/IP | D82: INS | E82: Sub-base | F82: VMPA1-FB-AP-4-1 | G82: festo israel | I82: FESTO | J82: 533352 | K82: 500 | L82: 1 | N82: מחסן בקרה | O82: https://www.festo.com/gb/en/a/533352/?q=533352%7E%3AfestoSortOrderScored
B83: 80 | C83: מפעיל לברז בקרה | F83: NR24A-SR | I83: BELIMO | K83: 1500 | L83: 1 | N83: מחסן בקרה
B84: 81 | C84: מפעיל לברז בקרה | F84: LF24 | I84: BELIMO | K84: 800 | L84: 1 | N84: מחסן בקרה
B85: 82 | C85: LOAD CELL | F85: RLC | I85: REVERE | K85: 1500 | L85: 3
B86: 84 | C86: מד ספיקה טורביני | F86: SP3/4-CS-PHL-3/4G-6MCIX3A | G86: leereng.com | I86: Sponsler | L86: 1 | M86: 1 | N86: מחסן בקרה
B87: 85 | C87: כבל אלקטרודה pH inPRO ISM | D87: INS | E87: Cable to connect the InPRO ISM | F87: AK9/10m | G87: מודקון | I87: METTLER TOLEDO | J87: 59902230 | K87: 750 | L87: 4 | N87: מחסן בקרה | O87: https://www.servapure.com/Thornton-59902230-AK9-Cable-for-pH-ORP-33-Foot_p_9664.html
B88: 86 | C88: כבל אלקטרודה pH,O2 | D88: INS | E88: Cable VP for PH & Oxygen | F88: VP6-ST/5m | G88: מודקון | I88: METTLER TOLEDO | J88: 52300109 | K88: 750 | L88: 1 | N88: מחסן בקרה | O88: https://www.servapure.com/Thornton-52-300-109-Patch-Cable-M300-VP-for-PH-Oxygen-16-Foot_p_9644.html
B89: 87 | C89: כיסוי מגן שרוולי כולל גומיות 5,7מ"מ לאלקטרודה | D89: INS | E89: SLEEVE PROTECTOR INFIT761 | F89: METTLER TOLEDO 52401518 SLEEVE PROTECTOR INFIT761-NPT 678 | G89: מודקון | I89: METTLER TOLEDO | J89: 52401518 | K89: 500 | L89: 3 | N89: מחסן בקרה | O89: https://www.mt.com/dam/MTPRO/PDF/BA/BA_Housing_InFit76Xe_EN_52403547_July2012.pdf
B90: 88
B91: 90 | C91: מתמר כלור Chlorine | D91: INS | E91: One-channel transmitter | F91: Liquisys M CCM253 | G91: אינסטרומטריקס | I91: E+H | J91: CCM253-EK0005 | K91: 7000 | L91: 1 | N91: ROOF 2 | O91: https://www.endress.com/en/search?filter.text=CCM253-EK0005 | P91: נקלט
B92: 92 | C92: מפסק מפלס צנטרפוגה היצור | D92: INS | E92: Level switch | F92: Liquiphant M FTL50H | G92: אינסטרומטריקס | I92: E+H | J92: FTL50H-ATT2ADAG6B | K92: 7000 | L92: 1 | N92: מחסן בקרה | O92: https://www.afs.endress.com/en/search?filter.text=FTL50H-ATT2ADAG6B&ii-country=il | P92: נקלט
B93: 93 | C93: CSMSTRL בקר- ממיר פרוטוקול | D93: CON | E93: CSMSTRLE - PROTOCOL CONVERTER | F93: CSMSTRLE | G93: GALOZ | I93: RED LION | J93: CSMSTRLE | K93: 3600 | L93: 2 | N93: מחסן בקרה | O93: https://www.redlion.net/product/csmstrle-protocol-converter | P93: לא נקלט
C94: משדר לחץ | D94: INS | E94: Pressure switch and 4...20 mA analog | F94: Ceraphant PTP33B | G94: אינסטרומטריקס | I94: E+H | J94: Absolute and gauge pressure Ceraphant PTP33B | K94: 3500 | L94: 2 | N94: מחסן בקרה | O94: https://www.afs.endress.com/en/field-instruments-overview/pressure/Absolute-gauge-Ceraphant-PTP33B?t.tabId=product-specification | P94: נקלט
B95: 95 | C95: משדר מפלס קיבולי | D95: INS | E95: Level, Guided Radar | F95: Liquicap M FMI52 | G95: אינסטרומטריקס | I95: E+H | J95: FMI52-A1ATJJA1A1A | K95: 70000 | L95: 1 | N95: מחסן בקרה | O95: https://www.afs.endress.com/en/search?filter.text=FMI52-A1ATJJA1A1A&ii-country=il | P95: נקלט
B96: 97 | C96: מפסק טמפרטורה 35מ"ממ | D96: INS | E96: Temperature, Resistor RTD | F96: Thermophant T TTR35 | G96: אינסטרומטריקס | I96: E+H | J96: TTR35-A2A121DB1BAB | K96: 3000 | L96: 2 | N96: מחסן בקרה | O96: https://www.afs.endress.com/en/search?filter.text=+E6000404298 | P96: נקלט
B97: 99 | C97: ברז ברזל תלת דרכי | F97: R3040-16B3 | I97: BELIMO | L97: 1 | N97: מחסן בקרה | P97: רק גוף
B98: 100 | C98: מפעיל לברז בקרה | F98: NR24A-MF | I98: BELIMO | L98: 1 | N98: מחסן בקרה
B99: 101 | C99: מפעיל לברז בקרה | F99: SV24A-SR-TPC | I99: BELIMO | L99: 1 | N99: מחסן בקרה | P99: PW PILOT 1500N כוח
B100: 104 | F100: LV24A-SZ-TPC | G100: שמר | I100: BELIMO | K100: 1300 | L100: 1 | N100: מחסן בקרה | P100: צריך להזמין עבור PW PILOT יש דגם SV24A-SR-TPC זהה רק יותר חזק 1500N
B101: 105 | C101: מתמר טמפרטורה מגע Clamp לצנרת | F101: GA2610 | G101: GEA | I101: Labom | J101: 9990-0235-751 number from GEA | K101: 4750 | L101: 1 | N101: מחסן בקרה | P101: צנטרפוגה
B102: 106 | C102: כבל אלקטרודה pH,O2 | D102: INS | E102: Cable VP for PH & Oxygen | F102: Cabel VP6-ST/HT (3-meter) 52300108 | G102: מודקון | I102: METTLER TOLEDO | J102: 52300108 | K102: 750 | L102: 2 | N102: מחסן בקרה צוות כיילים | O102: https://www.radwell.co.uk/Buy/METTLER%20TOLEDO/METTLER%20TOLEDO/52300108?redirect=true
B103: 107 | C103: מתמר לחץ | D103: INS | E103: Pressure, Process | F103: Cerabar M PMP55 | G103: אינסטרומטריקס | I103: E+H | J103: PWP55-6N14/0 | K103: 4000 | L103: 1 | N103: מחסן בקרה | O103: https://www.afs.endress.com/en/search?filter.text=JC02BB0112A | P103: נקלט
...
